,0,1,2,3,4,5,6,7,8,9,10,11,12,13,14,15,16,17,18,19,20,21,22,23
0,2,10,2,60,45,8,58,7,99,87,72,21,97,47,1,12,75,48,94,4,34,87,32,3
1,92,68,57,76,24,33,3,4,30,70,49,30,72,82,16,53,6,24,92,96,89,28,21,8
2,36,9,40,85,51,1,63,68,74,26,40,3,9,32,67,4,6,73,26,2,66,85,86,3
3,35,59,38,33,15,75,74,14,66,45,48,44,37,29,99,84,85,34,59,43,33,19,8,31
4,11,8,25,20,38,7,77,39,74,72,20,81,11,16,42,96,90,52,37,52,9,35,67,95
5,7,2,25,76,94,94,93,41,75,52,87,81,77,97,65,77,38,67,80,42,71,54,67,78
6,64,80,4,31,13,27,59,65,64,25,37,75,73,71,14,94,24,67,48,91,65,38,90,70
7,59,12,54,51,38,46,99,10,9,87,94,52,51,22,73,83,72,68,5,83,82,29,83,6
8,69,58,43,69,72,91,37,58,37,82,26,42,16,22,23,47,67,3,12,23,11,52,50,57
9,64,46,29,70,46,16,98,51,11,11,63,53,89,58,19,32,50,72,55,76,41,99,70,21
10,26,1,81,99,27,50,66,65,10,95,37,69,41,46,77,45,88,27,65,84,8,67,49,96
11,89,89,14,62,43,27,96,27,68,75,48,67,25,64,24,9,8,95,59,17,43,95,68,4
12,8,42,49,6,73,42,72,32,15,82,87,69,27,97,66,59,28,24,51,21,31,75,50,92
13,40,68,16,76,86,99,63,56,80,24,99,28,93,85,89,31,15,42,99,50,86,5,48,13
14,32,67,79,91,91,30,6,25,28,62,22,68,15,26,63,18,73,63,62,68,48,50,63,69
15,6,58,51,12,95,47,9,7,29,78,51,84,55,96,59,56,22,18,58,40,89,31,56,35
16,26,68,84,34,76,16,42,5,61,44,35,91,1,98,43,32,63,33,95,77,66,30,10,23
17,97,39,45,29,30,34,52,81,22,5,11,86,32,24,11,11,17,32,83,27,32,61,25,64
18,64,28,40,91,14,42,39,2,81,1,32,83,64,78,31,58,82,78,14,88,69,16,69,54
19,13,80,79,31,69,21,30,23,38,29,77,32,62,91,98,45,49,33,4,18,70,64,28,58
20,91,90,56,20,77,92,34,87,10,94,22,5,44,9,43,4,42,65,98,41,64,55,90,18
21,16,87,46,36,90,66,44,5,29,4,99,86,49,72,85,8,52,69,21,27,38,5,85,61
22,8,86,18,4,4,37,15,38,27,85,48,46,46,48,59,4,75,19,57,19,91,42,92,5
23,48,25,67,26,74,88,62,93,7,44,87,27,42,73,56,3,13,70,59,38,85,83,89,68
24,86,69,1,50,81,73,9,53,88,10,84,81,77,29,36,87,27,18,18,9,67,7,58,79
25,30,73,61,91,82,95,17,53,6,39,25,42,42,59,38,31,29,9,1,80,87,72,47,76
26,10,16,47,43,24,8,75,26,7,79,15,48,3,16,79,89,97,14,88,75,3,73,70,31
27,80,75,17,49,3,83,88,55,72,40,66,87,40,30,25,7,92,50,81,96,1,91,44,49
28,7,3,94,1,51,98,38,43,55,57,53,33,80,62,11,72,52,1,14,94,85,21,34,90
29,14,40,35,42,82,20,60,9,33,49,68,4,48,16,47,26,70,37,22,7,42,30,74,79
30,6,24,66,40,15,53,85,82,5,89,36,74,46,23,88,45,10,54,70,77,85,32,43,15
31,66,15,81,20,50,6,79,17,26,22,73,64,76,86,58,87,37,78,88,72,90,96,28,96
32,86,49,73,67,89,76,93,67,41,46,87,87,55,82,11,26,72,92,82,13,36,64,51,76
33,22,60,2,56,40,28,77,97,3,63,98,23,55,32,84,28,8,3,94,89,53,94,29,94
34,98,89,81,59,24,38,28,97,62,51,7,23,46,90,78,28,24,7,79,49,3,2,7,80
35,21,9,12,93,24,33,78,43,82,5,79,71,89,14,36,35,50,88,79,11,24,75,44,51
36,17,70,85,8,79,96,74,28,79,12,43,82,37,88,63,93,63,10,78,80,37,11,90,19
37,52,18,94,32,23,12,58,77,21,21,93,93,91,29,79,47,12,58,41,19,12,23,5,26
38,63,52,10,86,39,23,11,92,95,72,48,92,16,46,47,95,48,80,69,99,25,77,93,91
39,81,37,63,29,58,98,94,31,86,89,68,99,41,50,44,9,59,90,91,27,82,94,59,95
40,3,93,7,82,16,49,32,89,44,96,19,3,60,35,29,75,70,83,45,27,69,90,35,19
41,17,35,77,78,30,48,57,17,15,82,14,14,45,97,38,63,75,11,48,26,67,25,81,61
42,86,93,26,34,90,9,40,75,7,30,66,30,68,58,55,14,77,89,77,77,37,44,6,26
43,14,8,24,86,39,49,85,63,26,10,77,58,14,73,71,39,31,50,16,72,51,15,89,38
44,79,89,71,90,72,82,21,16,67,65,13,64,61,32,12,95,41,66,8,59,25,5,45,2
45,42,38,3,46,22,33,32,17,82,56,3,70,49,55,77,31,81,21,16,17,96,1,72,65
46,66,37,24,91,84,62,21,37,35,38,53,15,42,94,4,39,79,23,15,90,12,82,70,82
47,54,88,38,28,79,19,69,64,4,81,10,12,69,7,44,23,2,94,37,69,20,90,44,70
48,93,74,51,80,98,31,41,58,5,33,43,19,32,87,3,1,41,92,48,39,5,77,11,22
49,87,64,12,53,55,53,21,19,69,88,94,72,66,59,49,98,59,23,3,56,58,88,62,18
50,61,37,54,95,78,65,14,5,95,95,94,62,1,63,67,20,43,85,94,42,94,69,74,88
51,39,62,48,6,74,42,58,43,10,89,78,39,13,75,39,11,16,33,60,96,59,74,51,15
52,80,43,27,56,60,96,70,47,8,63,89,7,81,94,2,17,4,26,78,72,69,5,5,91
53,69,3,38,94,1,8,13,84,70,50,8,30,40,79,74,33,73,52,33,73,78,96,37,70
54,69,4,60,80,74,31,95,14,77,60,68,26,24,56,9,35,79,24,31,83,66,66,41,36
55,34,39,83,23,80,44,70,58,59,26,22,88,40,85,94,11,9,12,26,38,3,97,15,47
56,5,54,24,11,33,87,74,57,52,64,43,92,81,44,90,89,36,12,56,3,50,29,88,83
57,77,16,40,27,70,42,57,10,38,8,18,96,17,58,66,44,84,74,9,48,39,89,89,88
58,6,30,74,95,18,43,33,53,56,19,87,69,26,29,24,6,54,39,4,58,48,60,26,79
59,77,40,86,77,56,39,81,39,48,25,34,21,25,89,22,23,25,78,78,26,30,90,38,86
60,34,89,77,93,73,15,95,44,91,95,10,37,7,32,11,48,92,68,48,45,95,93,33,4
61,47,90,53,31,31,27,89,48,36,49,31,44,59,23,99,68,92,42,42,13,1,76,53,40
62,90,46,87,22,52,28,53,63,17,64,6,14,17,38,69,13,53,9,44,26,77,19,48,81
63,80,30,32,78,79,76,75,69,11,98,83,26,26,17,95,83,44,84,23,25,92,37,76,65
64,2,74,98,32,89,74,55,50,65,32,37,76,82,94,13,54,3,85,42,78,40,74,66,60
65,11,1,26,42,62,61,77,92,85,62,74,12,27,67,28,66,28,95,21,7,95,14,39,73
66,87,62,12,93,38,58,56,39,86,4,48,7,60,40,8,58,57,35,73,13,39,84,21,47
67,83,2,44,30,87,55,40,77,97,96,92,24,42,28,94,93,98,51,22,89,78,74,74,8
68,14,45,38,32,62,96,67,84,61,13,87,83,80,99,47,54,71,52,72,25,23,74,30,97
69,11,35,27,67,47,50,8,55,77,42,67,20,45,35,77,20,24,57,55,9,94,89,16,55
70,72,58,64,92,76,88,49,29,79,82,7,77,83,69,90,2,33,48,37,89,89,30,41,4
71,83,91,39,24,50,37,53,25,93,31,99,92,38,58,53,50,4,92,52,31,87,78,92,14
72,1,43,96,59,61,41,18,60,69,79,59,42,80,36,40,30,87,11,25,45,51,43,66,99
73,47,24,77,37,56,94,75,87,46,28,93,52,15,45,58,67,73,72,97,98,73,81,41,65
74,40,5,94,75,28,38,81,87,18,37,27,25,69,83,27,77,54,7,90,78,27,59,72,31
75,99,91,68,4,18,63,87,96,76,52,84,63,45,12,8,22,91,41,41,81,57,32,97,95
76,55,6,39,9,32,36,16,12,41,67,58,91,91,9,17,5,26,85,1,1,35,9,87,38
77,4,52,19,5,92,48,87,63,38,52,87,46,82,93,92,9,50,74,66,77,38,27,20,62
78,74,16,79,13,20,24,50,7,87,88,29,5,35,65,82,70,87,74,7,44,72,13,94,82
79,78,75,38,13,54,44,97,13,25,24,29,70,18,92,5,18,63,37,71,55,73,99,12,52
80,57,46,44,24,9,12,9,22,17,33,47,88,15,93,96,33,93,15,27,98,61,68,82,85
81,48,8,6,63,84,2,22,21,6,96,70,13,1,22,24,64,41,94,22,61,12,90,4,83
82,80,12,33,21,73,72,84,74,96,92,74,72,52,47,97,59,47,56,13,44,35,29,56,5
83,67,53,60,6,48,80,35,18,11,51,23,47,75,59,57,93,56,27,73,35,55,9,18,44
84,21,56,48,1,27,45,63,58,40,63,38,29,40,19,88,56,44,65,87,13,30,49,75,63
85,71,35,11,49,40,21,47,3,30,88,67,62,37,97,22,31,46,76,45,14,12,63,91,77
86,88,38,47,54,55,48,73,72,15,71,88,16,88,43,7,43,28,66,98,60,3,1,31,56
87,87,84,80,46,32,81,18,68,35,23,79,13,78,14,37,5,22,28,4,50,29,37,35,20
88,35,99,84,2,58,18,94,56,64,93,52,22,93,60,10,84,80,6,81,6,86,82,96,28
89,42,74,41,63,22,92,79,29,71,34,96,2,26,75,89,19,20,33,81,94,82,96,4,32
90,19,3,92,61,38,6,56,40,81,69,83,42,99,86,88,74,2,28,17,70,69,39,7,32
91,4,21,32,82,97,14,70,75,46,20,93,58,99,80,48,7,40,59,36,44,31,42,44,43
92,43,47,6,93,91,66,86,9,11,80,77,18,25,97,74,58,30,1,63,97,79,29,66,75
93,53,98,19,66,84,52,31,60,68,93,30,13,15,20,34,92,20,50,89,27,30,56,84,65
94,99,55,24,25,53,76,11,94,60,77,47,25,25,17,12,52,11,10,81,60,54,80,63,20
95,5,41,63,56,32,27,68,48,7,46,78,88,18,38,65,17,90,86,82,38,92,85,63,97
96,94,42,8,30,64,9,97,57,59,93,95,67,75,5,95,84,4,8,42,35,13,5,40,19
97,82,97,4,59,18,24,93,31,58,28,9,45,90,49,2,6,29,26,28,7,34,56,10,57
98,47,86,27,39,22,19,9,19,2,92,61,59,86,70,71,70,33,78,65,25,70,28,18,63
99,91,49,66,40,85,87,66,80,4,34,5,98,22,20,47,77,34,44,6,56,29,97,53,1
100,59,48,7,86,32,78,61,57,51,88,19,27,63,60,61,61,87,45,21,44,93,1,95,91
101,44,62,61,91,79,89,79,83,50,75,41,33,87,12,2,21,14,34,79,85,64,23,85,50
102,14,85,76,46,5,66,22,70,2,29,61,71,16,64,97,97,14,43,76,43,70,55,76,31
103,76,74,40,27,52,7,46,33,91,8,5,61,72,60,85,24,7,61,83,95,36,27,29,87
104,20,70,76,76,3,39,99,83,45,68,31,38,97,6,8,28,15,95,8,54,6,29,34,7
105,40,74,13,62,86,85,65,41,42,66,93,11,50,71,35,94,80,79,20,28,37,3,93,59
106,73,27,32,48,46,95,47,90,40,3,75,29,91,58,50,10,61,99,61,23,6,75,60,27
107,55,31,30,67,13,59,54,21,43,11,67,38,95,24,51,76,61,46,43,27,85,89,30,94
108,63,10,3,77,60,27,82,45,62,24,46,78,44,63,4,16,51,74,91,48,65,69,77,45
109,3,17,83,37,5,47,44,88,33,21,67,68,32,24,35,18,67,54,26,60,88,65,51,98
110,60,59,76,17,85,21,67,28,89,44,70,62,42,94,96,22,38,14,98,26,40,54,13,94
111,19,42,41,50,3,31,76,15,54,53,45,38,78,99,80,50,24,17,18,42,17,16,85,88
112,98,52,36,91,39,81,25,42,21,68,89,59,30,57,33,90,89,53,16,49,88,5,77,94
113,60,71,81,55,91,35,69,42,69,24,71,71,55,14,55,15,5,4,30,84,53,90,73,30
114,86,94,84,92,61,71,68,92,55,99,97,71,73,98,42,98,77,29,35,45,74,94,90,99
115,92,29,70,3,93,57,66,22,27,22,74,49,83,24,27,36,17,56,10,54,81,74,74,38
116,81,90,90,98,4,50,91,61,21,36,46,95,71,44,64,98,18,88,13,13,25,5,39,29
117,57,46,33,88,10,58,25,74,39,16,60,28,76,44,58,32,63,93,45,53,61,50,27,26
118,3,90,39,65,35,53,91,46,68,83,22,60,6,52,73,75,86,73,29,43,74,34,31,86
119,46,4,2,5,46,79,19,38,59,79,72,20,76,68,53,55,39,36,58,15,1,95,9,23
120,52,26,60,18,97,78,58,65,77,79,69,14,78,46,69,75,32,51,69,15,53,71,69,94
121,15,30,78,24,88,35,69,12,84,46,69,36,85,48,67,93,54,89,91,36,52,22,38,99
122,62,65,3,88,8,39,18,3,18,80,96,1,26,52,12,38,85,41,53,13,76,13,18,19
123,19,70,48,71,71,28,92,19,80,81,86,83,48,29,48,19,99,47,89,60,48,20,19,42
124,77,76,49,15,60,68,79,81,27,75,55,87,15,52,31,90,7,13,54,13,20,98,10,52
125,37,52,27,34,62,16,59,21,16,81,79,13,33,54,69,27,52,65,44,30,23,79,83,94
126,16,55,18,90,17,75,52,45,56,93,54,9,17,27,37,22,72,67,38,99,96,72,44,91
127,96,36,98,25,95,42,13,56,79,51,50,77,52,33,95,25,58,40,87,38,3,16,2,23
128,98,30,10,65,22,52,56,33,89,86,80,30,82,24,5,53,55,23,91,76,10,98,33,80
129,93,62,82,27,7,27,74,10,75,57,30,3,29,14,77,83,25,10,79,92,49,38,71,14
130,30,40,12,92,14,1,68,49,18,36,64,96,28,92,32,72,25,47,20,33,30,37,80,53
131,89,74,69,8,97,1,95,7,62,87,58,88,78,87,73,8,64,8,3,58,32,68,49,38
132,2,9,46,65,49,75,29,90,91,29,33,28,95,83,26,29,11,96,85,34,86,48,27,72
133,40,31,65,39,98,24,92,68,82,93,23,61,27,16,45,27,73,5,59,72,82,35,70,87
134,46,90,56,24,10,79,38,84,93,70,48,9,50,69,48,39,83,5,84,11,60,27,93,7
135,60,50,67,69,55,77,16,12,27,33,79,85,81,55,52,37,15,84,83,65,68,3,72,5
136,9,1,30,71,86,20,93,27,89,99,91,63,75,81,31,82,19,93,79,62,7,37,71,86
137,76,8,57,82,28,82,95,17,87,11,15,30,95,6,12,87,61,36,35,67,92,79,77,63
138,83,40,82,31,37,85,5,81,83,4,26,24,39,56,54,38,54,19,94,26,52,75,61,67
139,22,17,11,39,61,91,49,93,61,12,13,58,11,64,31,11,43,36,2,87,61,36,78,49
140,27,12,58,93,6,44,47,23,74,98,76,96,26,7,32,33,82,99,20,95,69,96,52,42
141,83,1,63,7,58,86,50,34,51,10,26,32,42,91,62,12,40,87,78,34,81,70,27,8
142,97,99,47,81,26,57,7,88,89,99,26,59,69,47,35,30,50,89,24,30,84,54,67,32
143,8,50,47,87,46,80,35,61,89,79,51,63,8,34,25,44,83,43,50,13,46,76,79,87
144,53,63,2,40,23,59,69,34,74,27,55,4,68,72,70,89,27,47,40,84,27,7,23,84
145,64,98,29,61,44,69,27,12,17,37,34,94,36,6,96,32,73,22,10,29,11,92,66,56
146,85,95,58,52,61,17,91,30,72,37,5,26,70,80,1,9,85,71,64,79,24,5,51,38
147,29,46,52,46,75,68,59,10,98,4,52,74,97,18,76,51,23,25,60,37,68,77,18,29
148,30,92,7,88,41,74,37,27,21,43,51,93,71,13,53,87,63,57,25,13,37,30,90,12
149,65,18,85,62,24,60,17,60,9,52,92,15,77,28,81,9,56,85,94,75,94,36,56,89
150,71,20,55,60,35,74,99,1,78,45,69,40,38,98,24,4,91,69,13,21,32,38,95,32
151,79,57,48,30,71,38,95,44,26,90,2,43,43,63,73,58,48,5,91,76,35,93,16,83
152,49,60,51,91,82,59,64,13,94,26,70,3,87,12,41,79,65,63,50,47,8,31,11,17
153,27,95,27,78,87,56,69,94,98,47,19,57,31,16,45,27,61,26,29,44,29,95,2,6
154,9,15,84,58,2,3,52,55,53,94,72,40,85,39,43,13,37,55,32,14,65,27,24,22
155,78,45,8,91,67,64,97,47,21,32,45,44,41,96,52,88,11,85,18,11,27,43,65,54
156,29,21,29,9,61,62,71,95,91,96,5,97,15,57,5,20,81,4,56,85,34,40,69,68
157,22,14,68,8,67,46,29,90,94,12,79,52,58,2,1,55,92,99,34,64,68,82,12,50
158,21,10,85,89,81,70,14,40,82,30,73,14,52,17,62,98,22,53,32,76,55,80,22,38
159,50,66,45,8,65,40,5,45,46,36,17,41,30,52,79,20,36,66,45,4,50,88,55,59
160,42,2,46,2,50,1,13,70,22,17,59,86,70,3,70,81,99,49,50,35,23,72,7,50
161,10,90,55,74,19,23,95,64,33,66,92,96,97,9,29,79,18,82,71,78,29,83,61,5
162,69,56,52,15,90,88,83,20,73,92,16,75,98,25,57,21,5,75,9,11,65,63,26,74
163,19,16,56,68,78,30,7,12,24,22,47,30,60,39,20,26,49,69,42,6,53,34,69,10
164,28,3,77,48,66,35,52,62,52,47,54,28,23,87,35,32,2,16,16,51,67,92,93,54
165,20,33,86,8,24,53,64,58,37,84,12,84,84,4,94,31,86,79,38,37,92,75,14,75
166,73,24,10,38,43,37,42,32,84,14,4,24,96,10,16,39,96,18,25,7,56,47,82,82
167,3,1,33,71,74,59,72,32,87,17,78,17,89,21,55,6,84,49,84,26,32,72,44,59
168,29,17,18,40,63,82,75,45,76,79,90,3,3,38,99,73,40,68,54,20,15,93,5,39
169,40,7,72,96,33,37,32,43,63,36,98,49,25,96,66,9,93,18,22,99,15,7,13,36
170,16,41,21,28,74,83,17,65,13,36,58,20,52,6,23,42,24,5,32,46,17,75,27,68
171,23,87,34,21,22,65,32,62,28,82,7,54,70,14,94,55,58,44,46,14,44,41,73,95
172,2,82,5,90,87,12,78,77,99,47,79,35,19,79,63,8,23,13,23,31,30,42,2,11
173,25,29,22,19,73,41,38,29,74,22,88,8,47,6,7,84,81,36,8,77,88,46,64,31
174,23,61,81,50,46,88,43,10,95,20,16,78,3,30,18,59,70,84,35,19,26,35,76,72
175,57,49,10,85,29,95,71,98,98,94,68,94,89,78,24,43,95,39,92,25,83,68,34,96
176,89,86,53,92,55,53,18,7,63,75,42,11,9,35,87,97,65,84,5,93,26,51,38,3
177,85,59,13,95,81,35,87,3,53,55,45,66,67,84,44,73,68,62,25,52,50,1,39,52
178,76,40,60,88,73,84,69,20,85,2,85,88,9,39,30,54,82,58,44,43,10,48,85,86
179,17,5,70,74,64,66,71,4,83,28,84,94,38,66,67,60,47,25,66,79,67,69,40,50
180,40,37,91,69,17,62,41,76,42,31,33,43,93,67,38,41,63,40,30,47,22,96,55,43
181,61,74,32,4,93,45,72,20,71,65,60,89,26,73,23,40,2,26,78,62,44,31,26,83
182,5,70,35,16,31,82,14,25,79,90,75,71,18,50,20,56,2,26,23,32,13,13,17,89
183,58,86,27,17,90,38,14,14,12,69,68,55,63,29,89,45,4,16,66,23,68,20,17,52
184,6,82,84,39,34,54,88,82,94,65,87,29,41,63,32,66,45,17,43,66,68,34,1,23
185,6,16,2,76,27,19,28,35,68,49,7,37,25,41,81,62,41,14,54,2,88,79,48,51
186,97,55,12,83,69,1,59,73,34,93,46,59,66,19,28,99,40,57,51,22,68,8,60,65
187,36,71,89,29,65,56,82,4,84,72,91,50,39,35,25,78,44,47,40,31,69,81,74,43
188,55,16,68,69,42,41,50,84,6,75,53,17,57,67,16,52,90,88,34,84,81,20,80,56
189,51,53,49,4,18,36,35,30,63,82,21,52,96,69,41,54,87,30,91,56,79,41,14,21
190,98,90,25,50,95,53,48,70,48,4,24,31,83,75,29,5,82,67,75,85,94,83,53,89
191,64,35,12,47,90,55,69,83,91,38,29,12,19,9,82,29,3,87,30,58,88,53,4,57
192,54,28,16,13,72,56,53,48,25,66,30,3,23,29,41,94,11,21,91,24,95,94,65,1
193,54,72,34,80,91,68,83,29,3,11,8,62,33,8,25,88,26,26,17,91,29,43,73,78
194,5,50,94,56,63,57,92,45,37,72,79,92,36,33,6,76,71,45,92,7,65,24,45,61
195,19,32,30,65,32,57,20,85,83,94,92,96,30,87,91,59,90,62,67,31,66,54,10,38
196,83,31,29,25,32,17,45,49,87,18,75,52,20,62,13,88,43,84,92,99,21,6,71,93
197,53,87,52,69,86,9,96,74,46,92,75,71,30,43,59,38,34,46,92,32,16,39,1,98
198,57,87,20,82,82,42,85,72,34,50,11,43,10,8,72,19,65,55,52,3,53,44,96,48
199,54,16,30,92,28,16,51,33,25,18,26,6,38,44,67,43,6,78,64,82,80,88,13,65
200,38,64,14,17,77,13,73,6,6,94,37,57,53,46,78,4,34,66,63,61,81,42,78,64
201,17,61,30,43,93,7,73,46,23,36,14,20,56,81,32,25,94,49,57,27,27,46,95,45
202,26,14,48,85,92,15,94,89,51,54,11,75,28,55,69,92,72,26,70,32,48,96,12,70
203,77,61,34,87,81,45,60,65,71,13,78,81,94,48,49,98,91,58,89,99,73,70,61,26
204,39,58,27,40,31,3,88,15,54,70,11,30,35,43,61,40,93,87,42,42,3,90,78,83
205,85,21,73,77,53,44,46,37,38,88,38,11,93,45,64,44,81,62,90,61,90,12,82,9
206,67,74,2,8,43,18,52,39,31,14,64,97,93,44,60,97,99,2,99,32,36,55,87,63
207,69,80,40,24,58,28,62,25,7,38,71,86,86,91,97,45,32,32,1,74,45,64,68,93
208,7,38,70,53,75,73,30,22,58,73,55,46,97,26,64,80,9,87,15,19,16,25,99,51
209,77,46,7,34,58,78,23,23,17,13,27,66,30,4,94,67,14,11,40,87,96,3,1,9
210,73,76,1,16,94,72,46,10,33,41,51,22,16,83,75,62,53,75,14,59,26,44,20,84
211,5,65,11,47,10,61,92,45,47,34,13,89,23,36,63,76,47,66,84,80,14,53,66,49
212,16,68,43,77,65,9,21,82,96,98,84,43,66,4,7,86,84,58,99,4,20,35,97,59
213,85,45,14,95,22,48,30,29,36,42,29,7,32,13,13,54,14,6,16,41,52,85,16,5
214,24,43,65,10,59,35,31,79,11,9,66,44,94,16,48,53,65,48,70,46,75,33,52,81
215,55,51,98,40,25,63,22,90,91,38,9,37,5,82,22,12,60,44,22,6,27,55,15,64
216,17,3,10,63,63,89,62,85,9,24,32,3,33,43,12,93,85,98,97,32,20,67,68,17
217,81,19,4,93,17,64,22,66,42,76,45,11,53,60,29,20,5,25,34,12,28,98,6,19
218,12,25,13,81,76,3,24,8,90,45,72,96,96,1,3,65,15,50,20,3,61,15,59,54
219,60,37,21,23,99,18,17,31,64,48,26,22,45,36,64,35,75,91,98,82,27,68,17,70
220,11,5,58,82,57,89,74,80,74,74,85,14,72,1,16,26,49,42,70,66,53,9,69,40
221,56,5,56,72,5,69,52,81,73,98,33,22,85,15,65,71,23,6,84,58,26,12,77,77
222,2,32,50,95,61,11,68,34,80,95,89,8,8,98,15,5,19,74,9,57,54,29,19,77
223,46,80,62,94,60,5,33,83,55,19,17,88,92,42,22,39,80,99,27,76,46,28,52,65
224,39,18,87,22,68,11,82,64,71,85,57,35,37,50,30,17,33,16,15,13,3,24,23,59
225,55,65,32,97,60,30,66,18,59,53,64,30,18,5,69,8,9,32,14,13,18,68,22,20
226,15,7,77,98,30,5,1,60,31,20,83,64,64,29,10,29,31,75,87,30,25,80,58,57
227,87,63,97,37,58,28,27,70,37,6,89,77,62,97,33,89,78,40,41,42,9,18,15,4
228,34,62,38,81,71,96,23,20,56,53,2,21,76,42,57,49,91,10,72,61,21,60,86,13
229,48,40,63,76,81,9,57,51,40,76,73,64,94,70,64,25,28,10,28,93,36,11,21,26
230,18,68,41,15,23,41,6,71,60,79,52,9,30,44,62,43,28,94,8,99,51,99,90,30
231,99,11,20,31,34,12,48,28,67,63,48,42,52,5,77,12,59,65,52,43,83,93,63,50
232,39,42,89,80,17,92,43,49,5,1,67,24,29,15,4,44,65,79,88,31,20,10,11,82
233,98,28,38,80,24,39,51,76,50,7,81,68,53,37,97,83,54,90,55,75,31,65,93,89
234,59,47,49,18,3,18,58,71,92,81,25,18,52,43,67,89,7,74,44,44,51,83,79,85
235,21,37,28,32,57,41,54,27,87,74,40,41,70,24,18,74,56,15,98,72,35,27,89,3
236,21,39,32,50,85,9,50,1,4,4,90,34,27,15,32,41,71,61,63,61,14,23,65,32
237,41,26,48,73,16,31,66,32,10,25,82,98,93,45,24,3,62,79,67,55,95,10,55,22
238,14,73,82,8,15,15,52,70,54,76,42,19,40,69,27,74,43,52,46,14,64,61,98,58
239,49,79,29,26,27,67,67,35,60,61,99,70,78,90,3,33,42,13,29,9,32,22,86,58
240,57,98,10,25,62,63,76,3,83,97,47,55,26,13,7,34,22,84,23,48,14,94,87,52
241,83,39,41,36,6,23,10,99,85,96,60,30,97,70,5,79,57,43,52,89,77,6,2,17
242,88,12,44,54,78,7,90,32,29,46,73,78,53,81,25,53,94,29,93,82,95,83,81,6
243,76,38,3,35,55,47,33,93,3,69,59,78,92,96,18,77,66,25,20,71,75,69,29,18
244,72,27,42,66,99,26,23,5,80,11,19,80,96,12,2,43,22,26,33,24,69,21,46,18
245,5,8,85,57,5,13,83,93,66,37,90,29,69,32,48,2,69,97,51,35,83,15,99,72
246,65,38,86,17,80,45,1,3,70,52,53,3,94,47,75,91,86,6,46,95,61,43,56,70
247,20,47,54,41,75,66,31,64,90,91,58,55,46,95,24,77,89,37,41,25,29,31,2,12
248,5,61,91,56,98,78,71,37,36,74,29,80,38,85,41,33,93,81,13,6,66,8,64,96
249,9,23,71,95,21,1,46,62,2,75,82,44,88,83,5,93,39,66,81,45,75,13,93,32
250,43,8,74,89,59,11,28,97,39,26,72,26,32,46,28,7,35,66,22,22,3,46,50,8
251,4,15,44,39,76,29,73,62,84,34,26,85,87,18,63,52,54,88,42,93,54,52,13,32
252,83,81,66,82,58,39,27,78,54,79,72,73,85,43,99,52,14,91,8,35,18,55,78,52
253,72,49,8,37,66,81,77,78,41,73,27,20,38,12,42,86,50,31,77,65,53,40,73,39
254,10,29,40,30,2,82,28,47,32,88,78,89,89,32,27,54,96,56,31,24,35,30,97,55
255,64,33,46,91,97,33,68,64,30,79,29,62,92,96,30,12,67,15,10,86,61,23,11,16
256,49,80,14,6,42,17,95,42,10,46,84,49,9,79,39,2,68,52,88,82,11,37,90,72
257,22,52,5,2,5,99,32,19,4,87,46,83,26,50,26,71,32,97,44,26,61,88,51,59
258,87,38,26,45,31,70,45,31,61,48,45,60,61,52,52,76,81,62,26,67,79,49,88,94
259,44,36,53,44,91,22,2,7,16,88,94,44,65,91,73,71,69,61,30,42,91,74,25,82
260,71,57,95,32,50,75,10,22,95,41,47,14,3,88,78,53,16,61,28,35,2,61,56,98
261,55,18,71,49,42,7,4,43,80,59,49,60,6,20,31,83,22,85,82,32,47,34,27,44
262,30,33,27,56,23,43,83,54,95,68,53,83,40,60,86,9,95,10,10,30,10,58,36,82
263,44,57,43,83,23,4,12,49,24,13,68,91,72,90,34,9,10,65,72,74,54,43,59,89
264,95,59,67,61,38,99,8,65,5,91,90,43,60,26,11,34,2,21,26,76,73,87,5,9
265,50,10,58,10,78,36,74,56,62,37,41,48,22,87,80,61,75,99,48,64,84,37,41,5
266,77,52,17,90,62,52,20,97,94,16,7,94,66,12,43,40,1,58,3,8,90,75,61,85
267,5,26,85,73,17,66,51,47,40,92,27,40,1,46,11,39,18,91,47,74,21,28,1,14
268,20,73,45,61,27,56,52,68,37,82,31,49,53,39,10,9,92,92,13,18,12,72,87,5
269,7,15,67,18,38,26,38,59,52,33,21,17,62,59,2,64,25,41,19,38,25,39,4,3
270,34,10,27,90,91,1,44,84,52,25,74,65,80,11,68,99,77,85,15,57,74,64,11,96
271,97,20,30,10,54,58,79,29,1,58,21,15,67,33,38,19,4,76,89,98,81,58,70,12
272,79,17,1,14,2,4,66,90,46,50,60,52,97,48,39,70,60,30,86,27,83,74,55,70
273,26,42,67,67,52,6,10,38,77,12,46,49,91,72,63,69,43,94,60,29,86,78,74,11
274,35,23,72,21,37,28,95,58,53,28,42,91,85,73,93,61,79,33,55,37,47,36,28,10
275,23,92,98,5,82,6,42,47,87,28,13,25,7,66,80,58,66,36,2,38,74,14,27,15
276,85,12,43,97,57,86,48,61,82,44,52,62,2,93,71,31,82,73,72,33,5,78,58,77
277,11,84,23,45,27,79,94,56,59,80,40,18,51,61,23,36,38,72,56,39,93,76,82,83
278,97,69,28,90,21,62,23,21,75,16,62,97,91,65,80,5,46,64,82,41,98,44,89,98
279,15,68,51,54,68,89,77,42,46,25,67,35,73,78,22,9,24,23,61,37,45,15,57,14
280,52,84,36,27,17,90,41,4,3,19,41,40,58,39,7,36,83,76,20,76,29,94,84,68
281,66,47,94,23,6,18,53,22,68,75,35,75,98,9,31,96,43,99,75,17,51,66,24,15
282,28,3,29,52,54,58,45,77,50,22,52,53,31,71,48,90,31,4,35,97,67,64,83,9
283,46,83,56,56,83,26,60,77,86,72,88,90,48,58,63,58,3,7,52,62,2,33,12,48
284,76,53,74,41,91,82,58,68,23,85,36,94,85,87,21,72,55,56,13,22,7,24,61,5
285,50,62,55,26,10,11,40,11,94,4,2,77,39,81,23,45,74,77,42,42,29,16,67,60
286,4,16,41,6,42,57,28,23,76,42,95,12,96,89,64,58,51,29,19,86,88,97,45,54
287,80,66,72,13,94,65,12,71,14,42,99,92,76,48,24,65,17,38,28,33,24,70,85,4
288,33,10,36,77,73,31,4,84,8,27,36,9,43,24,37,41,94,26,4,1,20,92,45,88
289,92,92,69,96,52,94,64,21,80,72,76,96,25,67,26,81,27,52,63,86,45,58,38,35
290,46,71,3,6,13,46,79,90,33,79,62,63,56,39,60,78,83,92,24,50,33,76,74,7
291,46,62,1,79,65,45,84,55,66,67,80,54,93,63,54,52,54,67,37,12,59,20,87,86
292,32,71,86,44,66,78,55,16,88,71,68,52,37,46,41,5,66,5,63,3,8,26,74,98
293,53,76,84,29,14,5,27,68,29,3,97,30,9,1,23,67,32,88,6,77,49,15,58,53
294,30,76,40,59,63,48,99,92,68,7,47,43,16,22,63,46,45,41,25,50,67,52,86,31
295,37,22,27,2,22,53,17,56,84,88,31,43,72,53,5,2,59,4,99,34,67,84,73,6
296,58,47,5,61,56,35,95,13,26,86,96,64,79,11,62,80,47,70,75,58,10,16,12,71
297,91,88,50,15,59,70,62,83,72,62,50,77,54,54,97,96,28,51,74,33,1,85,69,1
298,55,85,89,84,45,73,80,92,40,61,36,24,80,14,98,88,75,1,47,76,21,73,39,3
299,16,68,26,54,13,61,20,83,27,2,10,60,89,19,15,47,24,16,81,60,80,82,49,4
300,66,49,31,66,54,2,61,15,60,43,93,98,40,96,85,30,63,24,44,14,28,14,56,34
301,78,89,12,56,61,61,40,20,42,7,79,73,68,31,87,70,92,76,47,51,58,22,24,34
302,63,60,19,24,64,20,98,27,58,44,93,65,46,54,39,7,54,43,20,84,25,43,85,73
303,27,92,25,36,98,66,9,83,79,53,21,50,16,66,26,44,29,97,98,46,91,71,49,15
304,17,9,77,32,66,59,32,84,43,83,91,59,30,11,80,26,94,2,34,41,86,31,63,55
305,61,85,36,40,23,26,18,79,34,86,28,49,64,71,63,62,42,24,35,77,55,49,77,95
306,59,83,93,22,85,61,80,30,69,60,6,85,11,24,92,79,51,19,50,81,3,3,92,31
307,47,8,17,99,91,45,97,60,75,21,70,21,58,55,28,81,82,75,46,44,89,94,25,71
308,49,46,91,90,63,77,88,12,78,57,73,64,31,4,54,83,65,93,6,65,89,91,22,17
309,59,29,67,17,2,32,22,97,58,53,86,47,4,38,13,61,87,64,77,84,33,98,38,29
310,61,32,11,18,45,21,12,20,7,91,71,2,43,97,21,29,32,45,76,77,59,3,39,51
311,8,46,66,6,58,41,79,54,76,41,48,96,70,27,47,77,23,74,14,61,67,76,25,65
312,96,24,53,73,50,1,39,74,44,94,5,68,72,80,65,79,88,15,50,6,66,69,39,98
313,96,29,93,88,46,31,24,15,76,20,4,58,77,61,10,41,53,87,71,76,48,15,7,72
314,71,43,4,51,71,59,41,61,30,18,30,7,52,48,23,37,71,93,98,53,45,49,49,82
315,47,25,91,27,12,23,17,44,71,24,71,93,60,53,92,87,74,16,98,25,66,50,69,78
316,95,40,6,64,28,9,6,17,40,99,76,45,82,43,98,46,63,1,59,63,79,18,86,82
317,65,20,56,54,48,54,89,16,20,47,97,7,23,75,33,40,5,45,41,8,81,82,50,91
318,31,4,66,56,5,81,54,96,93,80,1,76,83,73,61,7,30,15,4,63,70,38,47,60
319,99,2,69,8,51,94,19,94,31,80,22,33,86,72,37,12,69,64,25,54,29,13,26,22
320,93,76,92,73,10,48,42,90,59,53,40,75,62,6,4,91,55,88,69,3,7,88,86,12
321,99,17,67,75,70,36,17,86,1,67,80,99,78,49,51,71,90,43,31,24,83,37,65,89
322,63,56,74,18,65,29,77,4,12,56,48,19,26,38,80,25,56,74,28,61,92,89,89,51
323,12,8,58,88,23,37,11,17,92,56,53,67,2,29,57,34,78,97,82,93,2,75,31,77
324,44,90,56,98,54,53,74,76,86,46,54,31,83,24,25,35,57,72,69,86,28,76,33,53
325,16,26,12,87,90,77,87,31,27,36,59,87,3,94,32,15,75,66,90,63,98,1,75,5
326,90,6,99,5,73,28,83,69,87,44,16,71,78,22,73,23,43,68,43,26,41,70,31,17
327,9,91,55,6,70,64,4,67,88,56,18,32,85,48,29,32,25,76,63,9,71,14,20,84
328,10,11,39,19,19,43,61,70,72,65,23,60,10,63,2,36,57,66,79,20,42,21,94,88
329,66,38,86,93,78,69,24,26,2,46,34,62,87,41,99,15,55,3,76,38,51,17,91,83
330,49,21,88,24,83,95,40,20,79,35,48,99,33,56,41,54,44,82,81,72,84,11,94,91
331,14,42,79,12,84,17,90,78,25,26,47,25,89,60,60,27,43,76,20,63,80,25,27,52
332,82,10,50,30,1,54,4,87,7,30,90,65,29,25,40,26,17,31,61,8,69,1,79,71
333,46,91,99,91,20,82,40,2,94,61,94,71,77,97,30,30,87,45,24,84,92,56,83,61
334,13,80,56,15,11,12,86,89,3,24,89,9,92,46,94,71,60,11,10,3,19,2,17,93
335,2,53,16,10,68,43,90,58,60,24,76,85,16,99,9,6,65,78,24,10,82,73,27,83
336,3,38,73,74,73,17,48,49,43,84,7,68,74,21,78,25,81,61,28,78,52,13,34,67
337,4,44,15,84,8,5,66,92,86,73,92,46,65,66,26,31,51,41,51,19,95,73,3,38
338,70,45,71,41,25,89,50,1,54,86,84,13,40,21,87,41,61,33,73,29,55,32,11,52
339,36,93,31,14,63,52,54,50,89,54,90,86,73,97,87,99,84,97,35,30,55,94,86,1
340,15,25,20,71,16,52,87,85,65,84,83,70,96,1,94,16,27,18,77,44,50,92,74,14
341,52,93,75,50,91,17,3,62,95,21,33,1,70,56,4,22,77,58,44,57,94,40,90,56
342,63,39,7,14,90,18,55,56,88,57,58,25,96,70,80,3,21,32,2,20,75,18,54,75
343,99,36,76,61,60,95,36,94,44,68,66,44,77,90,29,48,36,92,8,5,96,94,78,47
344,43,10,10,6,16,60,26,21,58,41,30,5,10,95,11,63,7,59,12,64,41,60,72,28
345,80,63,3,32,21,55,18,53,75,61,50,8,12,51,66,41,22,9,78,79,11,13,56,28
346,89,64,64,70,55,37,33,25,23,60,56,63,8,17,95,90,57,75,62,94,11,67,40,40
347,56,53,85,99,28,86,42,46,18,23,26,99,29,52,75,46,1,63,16,25,62,82,80,83
348,16,69,91,70,34,80,53,23,43,44,32,23,20,19,93,72,29,18,69,12,10,37,81,96
349,55,4,95,63,90,12,18,8,32,84,49,63,77,59,87,67,99,39,50,85,71,26,23,96
350,63,66,39,66,46,15,16,90,72,16,85,39,11,88,36,18,23,77,49,42,44,1,7,48
351,85,16,48,78,43,51,66,31,39,9,41,63,14,58,74,88,97,98,84,64,28,4,34,4
352,70,58,86,4,50,5,75,45,35,83,75,75,27,2,54,72,98,84,87,79,48,77,95,49
353,78,1,91,33,35,54,56,15,69,4,84,64,22,24,47,75,6,27,10,39,74,90,37,54
354,97,51,60,72,51,62,49,51,28,36,25,36,77,60,7,65,73,92,36,94,73,30,99,47
355,91,29,5,65,69,63,93,56,17,51,37,88,91,9,38,53,13,90,53,75,88,97,49,70
356,35,16,13,11,87,2,94,19,45,46,47,49,79,42,33,41,69,86,91,99,19,39,7,39
357,98,34,91,44,69,68,63,71,48,3,85,34,9,61,20,40,12,28,48,97,74,75,7,82
358,83,14,81,87,19,54,60,67,34,89,41,31,39,78,52,47,20,96,97,52,95,71,62,5
359,57,4,11,19,84,27,29,18,37,61,47,89,20,70,49,15,18,38,89,84,22,76,60,97
360,93,66,26,64,96,58,3,30,19,10,89,46,19,58,85,6,51,14,58,8,2,18,86,57
361,94,92,35,66,56,82,43,73,92,72,8,5,13,7,21,93,37,45,52,48,62,78,51,4
362,86,56,75,34,45,16,9,80,16,95,31,13,5,47,39,18,20,2,40,30,10,64,42,75
363,53,93,53,40,16,48,61,92,81,38,44,15,95,61,7,30,36,90,11,70,29,92,79,93
364,6,76,51,80,38,73,22,97,90,54,40,7,96,40,24,41,51,39,83,43,69,94,59,25
365,94,25,73,91,24,62,43,59,54,79,26,54,61,94,75,93,79,44,9,42,29,79,81,80
366,58,86,63,49,11,89,54,30,66,65,58,57,37,54,73,69,24,63,91,94,51,15,47,73
367,46,30,79,20,57,49,56,56,25,9,22,77,37,28,14,30,39,57,5,12,35,41,63,42
368,65,65,43,60,20,98,98,63,24,92,75,72,35,41,16,80,6,20,56,75,8,84,96,97
369,6,92,8,62,14,3,2,22,97,85,70,71,6,50,44,8,24,27,53,51,28,59,69,83
370,73,25,44,47,13,53,53,37,63,66,40,78,61,95,6,25,46,31,80,63,91,94,68,39
371,80,36,7,85,66,55,72,42,27,2,70,4,21,1,38,60,76,91,14,79,88,82,17,73
372,47,82,56,53,18,69,48,9,54,35,46,1,41,73,32,84,77,40,11,62,46,48,43,51
373,61,42,26,11,25,40,25,84,75,74,52,3,39,91,35,40,95,85,22,62,19,14,50,62
374,87,90,43,55,40,12,65,34,83,23,71,7,65,18,8,89,42,93,87,93,1,79,15,28
375,36,96,46,77,21,49,39,38,9,20,84,8,14,62,84,35,55,45,21,53,54,86,43,6
376,55,44,91,68,4,63,92,91,58,54,81,38,60,52,29,40,71,8,97,96,35,82,16,18
377,59,89,34,4,69,78,65,61,86,46,21,77,93,38,73,97,86,81,60,87,36,6,39,29
378,27,69,9,24,63,19,97,30,58,40,68,32,65,34,85,31,59,78,26,22,34,97,13,96
379,55,8,62,22,56,84,21,98,49,94,6,35,27,84,40,14,74,52,79,40,43,58,3,15
380,45,95,11,39,19,79,20,86,71,56,78,4,9,25,47,99,49,27,28,88,97,97,62,16
381,87,46,75,46,40,83,34,87,10,1,66,86,17,47,24,50,85,29,78,72,94,86,87,13
382,64,28,94,5,74,9,14,10,33,75,40,6,17,36,70,61,74,49,69,83,71,24,51,42
383,19,62,75,67,30,38,6,99,22,11,72,91,29,8,87,93,80,35,72,72,45,33,5,62
384,37,17,22,78,32,14,20,22,30,54,33,5,18,63,46,7,29,57,47,9,59,71,71,43
385,59,6,53,64,91,4,1,70,31,65,69,19,69,69,49,31,60,71,79,55,77,76,83,77
386,91,38,33,6,13,77,77,20,37,45,73,81,99,59,52,18,25,79,87,1,41,18,1,39
387,74,31,71,38,8,34,73,89,27,41,7,32,73,81,99,16,2,43,31,80,47,33,85,17
388,99,54,54,51,52,7,54,93,11,62,30,82,57,46,80,70,66,55,58,10,4,74,73,62
389,43,42,24,5,99,68,99,77,96,45,59,65,63,75,90,67,49,77,32,50,87,58,52,23
390,30,70,71,30,37,48,32,70,35,96,76,68,32,59,35,16,79,52,66,6,14,29,26,18
391,4,57,53,25,47,52,93,34,16,94,87,36,28,65,72,53,42,79,98,19,44,30,74,44
392,27,84,89,73,34,85,24,56,7,68,51,8,56,77,58,85,99,69,8,66,24,42,54,16
393,4,59,94,46,94,99,13,37,54,49,75,58,19,18,60,17,11,15,72,93,17,90,5,61
394,4,56,88,75,94,48,48,35,33,21,5,64,69,21,89,74,83,32,18,58,98,79,24,5
395,53,96,73,55,5,69,41,98,7,90,1,52,98,26,96,63,12,70,84,19,80,4,96,82
396,5,54,70,57,78,52,18,64,10,23,82,68,52,96,47,70,26,70,99,43,69,63,78,66
397,63,13,51,5,47,36,36,50,56,19,20,22,31,62,44,68,67,89,49,59,4,39,7,71
398,49,89,15,7,47,68,98,45,19,47,53,27,5,60,77,62,59,61,56,78,94,47,48,10
399,32,65,24,29,7,95,17,94,25,92,36,61,71,35,84,78,50,56,94,65,41,25,34,8
400,56,84,30,68,21,91,10,87,33,75,83,75,4,23,69,53,5,18,17,58,67,72,56,40
401,87,87,2,21,52,24,53,38,20,50,39,60,91,39,71,33,29,74,10,76,67,3,77,31
402,27,70,27,99,9,6,6,26,43,19,16,23,75,80,29,38,59,48,20,21,28,50,33,40
403,90,54,10,34,73,36,75,74,7,16,51,90,96,61,31,32,45,76,27,22,15,8,68,8
404,87,16,48,34,86,87,57,5,44,71,37,90,28,68,96,38,46,73,26,75,84,53,63,63
405,38,15,99,9,97,75,22,70,56,37,57,60,85,12,7,66,41,24,90,25,62,84,44,2
406,42,99,33,17,63,22,1,94,70,54,14,97,53,6,90,64,88,33,72,44,34,34,24,2
407,8,25,94,32,56,94,7,48,88,54,63,73,80,2,35,98,22,83,64,59,49,52,21,12
408,11,54,83,70,14,33,77,26,14,88,48,65,46,55,94,74,74,92,68,78,12,54,64,47
409,37,74,41,27,42,76,86,68,29,36,57,78,12,45,20,45,23,62,86,34,21,51,9,74
410,10,52,45,52,30,64,97,2,49,96,45,17,28,45,17,59,14,10,98,78,81,86,18,35
411,48,58,18,52,30,37,40,6,79,35,26,91,30,75,24,55,78,87,9,62,18,51,19,69
412,82,33,38,13,49,73,90,53,1,12,24,1,68,7,92,69,39,32,49,31,79,3,47,15
413,51,82,85,74,21,90,41,3,1,21,75,80,99,21,75,95,49,65,41,96,67,96,42,69
414,57,43,12,78,64,51,73,60,71,80,28,71,14,32,8,27,50,59,57,3,27,94,34,26
415,40,86,32,41,2,72,7,19,33,2,67,92,78,15,21,78,59,82,39,20,1,73,9,51
416,38,93,15,84,41,94,47,26,54,70,39,17,70,92,9,91,99,46,6,68,16,87,87,29
417,41,68,62,40,62,24,6,40,70,58,14,78,45,99,6,23,62,84,17,84,70,28,13,29
418,45,20,58,81,54,99,64,52,43,87,18,84,54,60,71,1,37,49,35,67,35,93,9,37
419,60,56,89,12,71,71,4,61,45,95,50,50,74,48,23,90,87,93,8,83,29,43,53,6
420,93,24,74,14,52,70,4,58,79,37,48,39,92,66,13,66,60,41,32,52,5,67,66,78
421,52,49,29,38,70,98,8,59,55,2,26,63,17,59,88,95,16,58,64,50,85,26,17,46
422,68,50,43,48,68,19,25,72,18,51,18,58,64,71,57,17,59,67,86,15,95,26,48,14
423,81,9,7,91,92,55,12,17,73,8,91,42,76,37,20,1,9,24,34,36,4,29,87,99
424,16,8,91,39,58,12,44,4,25,70,67,39,24,85,6,97,72,33,48,67,2,38,40,56
425,88,21,82,35,75,75,67,60,23,65,63,23,86,42,94,64,66,81,41,20,9,57,75,17
426,78,82,18,63,72,93,72,26,92,72,84,72,78,13,17,26,6,81,4,89,7,17,86,92
427,50,6,30,74,56,39,14,54,22,57,41,90,10,2,67,48,42,11,74,12,14,30,60,77
428,30,38,75,65,91,47,39,49,73,58,90,89,17,6,15,67,95,28,73,44,18,32,83,69
429,44,70,63,76,58,47,17,39,59,7,63,57,75,34,53,66,78,82,48,60,43,73,4,78
430,75,94,91,93,52,32,94,90,94,51,10,12,97,98,82,39,80,68,10,92,82,73,86,10
431,23,77,88,13,48,89,44,93,80,64,40,6,72,98,82,43,32,49,74,98,87,19,84,52
432,52,34,59,81,5,66,41,34,54,20,54,66,92,18,44,48,35,79,39,3,19,87,83,18
433,94,83,5,55,13,34,88,18,68,72,43,65,41,38,38,13,22,29,9,91,68,17,37,64
434,67,4,40,16,11,91,26,95,98,72,65,2,91,45,43,3,34,80,65,64,7,35,22,48
435,32,26,6,46,55,75,95,55,85,57,86,63,1,21,20,73,91,29,43,97,45,65,3,96
436,20,81,37,38,74,45,93,42,46,60,96,13,31,68,62,49,18,75,53,18,51,41,97,67
437,65,83,6,74,37,12,81,91,2,53,25,28,45,37,17,69,56,58,83,4,55,49,38,45
438,30,96,37,56,27,32,11,58,77,35,17,30,18,30,90,16,75,54,4,15,76,27,4,35
439,85,63,66,39,28,34,33,50,60,72,72,42,86,91,28,75,27,1,92,91,8,46,24,40
440,51,24,22,74,68,8,58,15,8,93,42,39,35,41,48,78,96,71,44,97,35,27,65,70
441,66,71,72,63,93,80,29,31,64,86,53,74,68,25,13,81,40,72,87,7,32,24,1,47
442,51,36,27,70,42,95,76,90,89,68,70,13,25,95,22,99,21,15,67,37,45,26,81,55
443,50,35,41,72,11,88,8,54,94,1,98,20,34,57,98,13,54,53,52,6,36,25,91,58
444,55,95,3,28,68,81,38,34,84,13,5,60,88,17,57,31,92,65,66,33,93,4,82,55
445,24,32,73,47,16,21,94,67,97,31,14,6,69,29,55,37,59,36,85,76,59,87,78,64
446,43,42,74,60,62,64,91,58,2,78,71,81,84,8,56,84,36,69,13,39,81,6,19,25
447,3,53,28,26,47,8,57,55,79,1,40,23,54,42,80,50,4,8,36,10,30,16,30,64
448,74,11,34,80,55,83,4,49,44,31,48,99,98,26,70,97,91,12,45,8,9,1,5,71
449,82,54,24,26,10,61,40,44,12,22,27,67,82,69,14,25,52,95,85,59,38,20,78,20
450,56,30,41,84,71,63,69,95,29,79,89,77,44,88,79,88,90,83,57,24,19,17,69,61
451,4,22,74,85,89,6,30,93,75,11,48,46,27,19,86,92,59,68,54,83,17,50,40,87
452,92,11,14,13,88,80,28,94,44,63,61,91,17,50,26,7,99,79,16,85,17,90,35,84
453,84,23,69,9,87,18,93,75,48,72,91,66,23,85,10,38,59,68,85,43,12,53,14,52
454,84,72,91,61,41,21,48,56,35,44,39,15,12,98,8,94,67,94,93,1,80,42,31,74
455,30,43,26,12,59,69,73,11,47,23,81,43,77,81,87,39,73,82,55,18,94,42,26,18
456,85,41,42,33,43,14,55,58,10,28,14,83,26,74,17,34,14,26,34,83,24,95,70,20
457,39,45,34,22,71,33,6,16,72,23,18,14,50,61,36,15,5,53,48,79,11,2,87,24
458,82,68,79,12,59,67,32,36,21,70,66,9,76,44,59,24,63,78,41,76,91,74,2,95
459,28,16,59,1,86,1,31,22,98,76,59,87,28,76,27,87,1,2,95,66,49,89,19,28
460,70,39,19,64,58,17,70,79,86,41,98,5,23,69,10,68,12,10,60,30,24,69,13,9
461,18,35,95,88,4,41,26,44,42,10,73,1,54,16,46,13,64,78,87,55,63,18,61,92
462,20,65,64,76,91,64,13,68,89,70,57,45,86,38,54,36,67,79,11,98,27,87,17,87
463,98,85,33,5,81,62,65,71,67,90,80,80,44,14,90,91,57,48,17,44,4,81,97,30
464,85,81,75,55,30,18,84,98,92,73,44,62,31,16,95,93,77,23,14,2,12,58,92,96
465,56,24,37,29,42,18,3,77,13,29,66,59,92,48,4,51,5,39,41,5,8,98,56,25
466,91,52,52,7,61,96,85,47,82,66,59,5,44,42,61,63,50,38,92,95,54,44,24,63
467,97,39,12,63,9,79,87,22,36,74,28,56,99,29,5,4,51,15,94,60,26,23,29,86
468,99,57,62,59,48,82,35,46,33,71,98,10,88,89,48,44,91,70,63,49,72,85,41,83
469,98,39,23,13,53,92,70,57,76,67,48,20,62,45,63,8,26,38,92,99,41,2,7,25
470,51,50,96,64,12,53,75,10,61,55,99,68,42,66,44,28,78,58,93,2,55,34,97,20
471,47,94,26,84,1,65,89,97,87,75,15,14,55,1,33,70,56,23,54,90,3,46,6,25
472,17,28,32,93,23,16,96,26,33,58,48,83,55,41,62,17,59,14,82,21,63,46,55,62
473,39,42,48,28,84,6,59,90,70,39,57,54,60,90,17,40,66,85,54,71,44,84,67,57
474,36,57,43,44,62,83,61,94,11,77,33,66,23,49,20,94,15,66,30,89,4,64,65,8
475,52,14,58,11,59,24,88,32,89,46,28,16,42,16,12,76,62,34,38,84,47,79,22,80
476,88,3,1,53,64,44,47,38,63,81,41,21,45,13,66,66,43,62,89,92,48,26,99,92
477,61,62,97,82,14,54,41,60,9,44,56,94,3,98,97,91,59,73,13,30,53,80,51,42
478,26,59,69,91,79,92,3,41,1,65,70,75,50,80,97,88,59,96,74,63,25,10,77,1
479,99,14,21,58,38,1,84,5,44,96,65,57,45,60,66,95,47,26,9,51,94,8,5,39
480,68,40,36,21,97,26,75,85,86,56,57,59,7,42,13,84,79,34,53,46,57,61,89,56
481,29,92,14,68,71,13,17,29,81,83,90,73,2,62,20,87,82,56,90,52,25,62,17,39
482,10,59,25,28,90,76,61,58,44,83,23,78,17,79,85,38,30,19,32,93,86,20,64,36
483,65,83,43,26,7,34,36,6,37,62,86,73,60,93,64,50,52,17,60,77,81,54,10,25
484,18,64,79,59,27,58,61,83,79,71,43,80,88,87,11,88,5,58,39,48,94,80,20,93
485,81,19,60,26,79,25,15,84,94,21,47,35,44,6,75,23,39,73,18,40,36,28,64,83
486,94,58,38,79,44,76,2,73,35,1,46,60,63,95,92,45,57,37,7,16,50,14,97,6
487,61,21,10,32,6,2,39,49,27,56,14,23,85,51,94,25,53,88,11,35,55,58,68,37
488,77,9,28,55,46,80,70,27,10,23,21,90,45,3,59,43,99,7,27,62,42,97,4,90
489,62,8,84,17,5,63,9,8,7,37,55,67,8,69,5,17,58,63,27,76,92,68,28,89
490,58,50,67,31,12,55,4,94,42,91,54,22,1,48,43,20,18,70,49,76,17,53,22,82
491,10,24,84,12,4,42,5,26,59,62,80,5,26,83,6,24,95,95,53,7,10,39,86,78
492,28,42,62,52,22,57,96,11,14,31,4,22,93,99,64,77,84,83,79,90,84,61,6,79
493,68,6,66,36,15,76,40,41,7,22,72,11,2,30,68,53,89,21,25,73,72,5,92,66
494,85,49,8,98,87,79,27,2,28,11,46,21,42,32,32,71,22,78,77,21,22,34,10,65
495,65,88,67,95,43,41,13,4,23,70,34,41,18,90,97,33,25,52,17,51,3,55,86,56
496,35,68,59,92,59,13,62,94,47,76,3,21,65,18,13,71,77,81,96,93,45,62,30,75
497,14,53,10,72,31,6,83,19,12,64,82,55,67,9,6,1,42,93,55,49,99,99,30,35
498,63,22,43,28,18,32,69,54,34,31,97,4,14,15,60,20,20,49,99,68,18,24,27,33
499,64,25,69,18,45,20,35,6,91,92,75,9,52,28,19,85,63,95,7,37,89,92,36,17
500,90,92,37,81,60,49,81,97,56,34,87,30,27,51,9,20,87,47,19,68,77,12,73,79
501,85,79,5,69,25,88,31,46,34,41,78,91,68,87,38,46,69,27,43,78,71,45,18,32
502,2,41,20,93,58,90,38,1,69,54,14,25,9,94,83,61,52,8,16,8,23,73,96,34
503,18,44,15,15,93,23,87,65,86,71,32,92,32,33,43,13,92,9,62,57,48,43,67,81
504,98,32,73,60,1,57,84,69,85,69,68,61,8,89,7,37,42,32,17,28,70,48,54,42
505,36,66,31,65,3,13,31,29,57,33,53,10,63,73,65,96,97,2,2,69,74,37,2,61
506,40,63,25,38,37,82,27,84,50,34,44,72,4,94,52,55,73,12,14,35,6,47,23,68
507,65,59,9,58,48,63,9,44,46,15,88,53,48,72,92,42,17,35,31,4,48,14,25,46
508,48,40,50,7,95,60,35,63,20,16,22,36,19,2,68,98,7,47,49,78,43,32,17,14
509,81,32,60,60,52,66,4,94,94,63,33,1,97,64,95,37,78,70,7,24,68,55,89,3
510,92,23,36,57,48,13,61,86,89,24,43,33,78,24,22,52,87,6,19,76,90,29,64,14
511,81,30,71,21,65,4,46,8,18,60,45,72,95,31,28,64,37,67,79,68,35,98,36,57
512,70,4,49,94,39,18,60,86,10,93,23,68,59,83,90,7,13,3,40,11,80,84,51,87
513,23,32,41,42,38,67,72,78,72,75,42,43,33,79,37,78,90,57,64,64,60,52,72,68
514,82,27,59,19,3,73,39,66,73,56,6,28,48,98,93,48,67,54,16,35,75,87,30,48
515,69,8,51,10,28,36,60,10,14,63,47,69,56,6,94,19,52,62,49,78,11,46,69,45
516,95,58,32,88,10,13,13,36,86,73,19,7,15,81,46,78,48,66,78,4,3,3,75,69
517,93,28,23,30,62,87,51,41,86,64,43,76,91,58,59,40,46,62,49,79,23,44,44,19
518,44,11,60,38,3,16,96,9,41,38,69,65,35,35,76,85,48,8,27,9,92,30,14,23
519,29,26,86,15,73,90,81,73,67,16,13,90,81,96,24,62,57,36,60,86,73,22,84,3
520,36,97,82,36,10,21,89,49,9,91,79,52,96,48,60,50,39,16,28,6,61,6,66,40
521,71,91,62,28,80,47,9,52,15,34,20,78,60,58,75,94,67,2,50,14,56,93,69,44
522,46,6,8,39,93,44,27,16,91,39,1,51,63,33,50,54,27,81,79,86,19,28,23,64
523,39,49,59,20,61,9,23,7,31,60,61,75,81,26,82,54,31,99,41,28,90,6,34,92
524,9,93,98,12,16,71,31,33,7,3,20,5,67,38,79,99,56,23,97,2,21,78,14,62
525,11,4,47,94,20,52,16,98,45,8,62,84,21,64,30,36,5,85,38,87,19,74,27,99
526,13,9,17,95,44,45,88,42,51,83,58,58,30,5,8,37,47,89,45,5,97,63,86,47
527,25,50,93,45,30,48,51,94,55,55,46,31,34,92,74,68,33,56,58,57,17,11,71,81
528,92,17,10,26,6,81,16,90,4,62,84,64,56,75,23,33,31,7,86,5,37,1,70,45
529,47,68,94,30,81,60,24,31,28,45,4,61,39,83,24,71,46,53,48,9,22,2,91,16
530,5,12,52,26,15,67,73,59,92,39,63,25,41,28,21,93,89,94,61,57,11,19,75,89
531,1,32,85,77,34,17,55,19,74,42,59,73,75,38,31,66,88,69,50,30,35,59,17,95
532,66,80,21,94,52,65,14,16,55,9,8,73,34,33,86,94,7,82,21,5,71,12,59,81
533,58,88,37,83,45,80,25,27,51,42,71,42,60,72,79,58,80,72,96,81,22,96,58,11
534,6,22,78,92,12,27,1,64,74,97,80,39,60,70,54,25,20,36,23,80,1,94,27,52
535,2,21,9,88,48,39,42,71,94,45,2,76,77,67,43,18,39,6,42,52,27,79,15,19
536,62,64,51,47,57,20,20,82,64,98,99,38,38,65,76,5,64,27,20,60,40,83,79,6
537,73,36,87,74,65,11,49,84,28,22,84,47,80,66,25,91,67,87,32,17,40,84,30,59
538,28,47,23,83,57,89,88,1,92,29,50,64,99,81,75,37,61,7,90,87,64,18,29,98
539,60,54,72,21,21,58,49,36,17,80,53,15,79,40,81,51,65,13,38,74,97,26,76,83
540,15,5,2,78,93,65,77,60,96,98,56,78,38,57,51,41,79,70,93,83,52,1,85,18
541,27,92,72,95,76,42,6,90,80,94,83,82,24,45,84,71,7,16,58,57,42,14,56,12
542,93,15,8,58,53,9,46,92,91,7,44,14,75,96,92,6,35,70,61,24,73,2,78,51
543,31,94,27,31,70,43,82,52,14,59,20,52,75,40,68,44,6,87,57,58,72,30,52,11
544,47,5,3,15,2,2,72,54,46,94,41,69,30,44,10,97,88,83,30,89,75,49,35,65
545,17,31,70,77,52,26,5,14,51,15,12,46,64,72,59,95,26,29,4,50,92,25,40,32
546,75,37,10,38,61,27,81,7,73,99,9,59,36,30,95,19,41,55,87,84,6,88,22,70
547,24,62,42,22,82,16,13,37,52,24,83,84,91,17,16,1,85,91,1,30,84,24,46,2
548,15,29,99,62,13,83,65,45,47,16,3,70,95,5,26,92,15,73,55,22,37,85,29,26
549,70,11,20,84,91,70,33,30,50,34,5,80,12,76,75,52,51,21,71,58,98,64,93,6
550,98,49,72,37,10,80,66,56,83,71,66,45,87,95,68,64,16,10,21,92,12,13,81,82
551,10,92,13,34,59,49,6,12,29,77,26,68,79,16,53,19,47,90,32,70,70,61,5,59
552,2,2,3,70,95,43,5,50,10,27,24,22,89,3,16,30,43,4,40,16,72,88,16,91
553,66,55,20,51,84,84,83,57,51,18,77,81,59,97,28,69,28,89,84,85,13,6,29,9
554,29,38,65,56,30,96,59,87,58,10,21,56,26,15,81,35,89,15,97,75,88,6,28,63
555,29,48,63,58,21,76,22,27,85,79,57,82,10,22,44,84,83,28,50,51,1,34,35,90
556,61,30,76,78,68,76,88,40,95,65,37,64,1,15,13,29,55,45,4,64,15,48,76,56
557,89,91,70,87,15,39,69,87,79,89,60,94,44,43,4,77,50,39,54,23,60,80,35,54
558,58,62,80,48,7,45,13,53,93,39,84,93,18,22,36,53,72,3,62,29,73,8,94,76
559,46,92,56,49,43,10,13,57,2,65,86,97,80,42,58,93,10,63,71,61,1,26,5,35
560,13,27,12,94,50,96,59,31,69,37,2,71,65,3,20,2,42,43,21,45,96,20,43,50
561,95,43,97,24,82,84,60,32,5,2,26,25,50,86,39,86,75,11,63,68,97,18,95,28
562,42,60,22,40,62,3,71,63,20,71,71,93,26,41,3,43,17,84,98,53,52,33,80,60
563,87,68,56,64,97,8,69,33,25,71,7,59,33,41,33,29,39,57,96,93,64,86,66,9
564,29,97,74,28,53,46,39,76,58,86,54,6,45,40,23,98,42,38,16,74,47,21,74,75
565,21,25,61,98,54,95,91,89,60,42,61,32,53,44,11,47,90,60,36,60,33,97,42,13
566,14,58,40,65,5,30,82,45,58,39,12,34,14,38,16,61,59,75,97,79,74,67,11,11
567,16,38,30,41,1,38,98,60,19,98,59,68,10,17,80,85,92,72,29,6,94,66,63,31
568,25,87,21,16,4,46,8,6,53,64,91,51,63,88,6,62,33,2,41,16,59,9,69,10
569,94,7,93,66,20,63,4,28,72,35,2,41,28,75,73,1,27,67,39,73,40,28,85,92
570,24,82,51,56,73,26,88,52,6,59,12,63,36,9,74,67,29,71,90,8,43,77,35,83
571,22,80,79,66,21,94,71,95,41,41,49,99,4,98,65,10,94,96,67,10,73,17,67,91
572,53,35,4,68,96,11,44,60,70,62,99,32,46,23,37,90,98,75,58,85,43,88,15,67
573,2,71,5,53,45,93,41,63,96,94,72,32,2,10,43,43,67,23,98,82,97,97,60,81
574,6,13,21,95,58,85,97,28,70,8,77,98,58,40,86,1,77,65,10,60,69,20,62,13
575,58,37,10,3,34,34,30,37,68,34,32,85,58,24,9,41,24,25,36,8,93,89,59,35
576,38,92,83,32,51,28,56,99,8,41,23,54,23,32,10,81,35,99,63,67,36,93,49,46
577,27,31,34,76,59,54,89,66,30,73,23,9,84,55,1,56,39,87,18,42,96,73,75,65
578,75,33,30,5,50,65,10,60,77,27,72,28,45,52,66,62,76,91,77,60,86,40,15,95
579,7,39,51,99,7,12,14,34,39,73,64,97,12,34,27,22,18,46,44,18,37,7,68,80
580,86,60,48,51,84,95,52,97,77,52,84,54,41,42,22,39,23,48,33,41,30,78,47,57
581,72,57,62,86,57,68,99,72,98,86,25,89,40,17,80,48,39,15,17,35,33,18,30,87
582,37,7,74,80,28,87,98,18,47,23,20,31,14,23,2,29,50,73,59,33,48,44,12,83
583,42,84,95,35,41,85,55,13,39,91,89,66,35,72,33,89,85,36,13,56,46,73,99,46
584,44,46,74,69,31,24,32,67,16,57,84,24,34,52,48,87,53,55,38,2,69,82,53,50
585,29,74,55,61,50,16,87,94,70,44,84,16,28,57,26,86,11,1,69,43,46,36,66,57
586,6,62,27,26,99,13,76,18,38,6,92,28,89,5,59,79,73,45,53,2,49,73,90,87
587,63,92,70,58,4,30,57,47,18,94,91,95,44,52,49,30,52,37,63,12,17,34,28,4
588,98,46,14,13,58,49,50,67,21,80,51,38,26,6,18,6,41,57,50,25,48,24,30,87
589,45,43,72,56,73,70,33,97,45,7,18,70,45,37,21,90,79,44,30,11,8,5,8,5
590,10,15,56,55,3,41,10,7,63,63,88,26,34,72,39,60,69,26,62,10,97,54,31,38
591,25,77,65,50,24,27,82,50,50,15,17,29,5,11,80,52,34,81,33,49,31,18,89,5
592,30,45,87,38,82,96,94,29,36,9,23,3,86,56,40,56,58,31,86,11,42,3,57,14
593,46,19,60,31,36,32,63,26,65,2,70,45,78,92,97,25,40,18,98,12,91,24,97,79
594,43,32,81,99,47,45,35,77,9,10,65,59,98,57,89,86,10,90,19,50,68,5,29,5
595,60,65,28,83,1,29,51,36,32,64,14,32,9,83,11,48,51,4,41,25,17,47,8,58
596,1,2,10,91,27,13,63,11,14,96,80,93,98,26,69,83,39,92,28,17,37,83,27,76
597,67,68,47,75,34,18,35,18,70,34,33,72,84,84,43,82,27,48,69,71,22,34,43,77
598,96,88,16,14,39,71,12,84,97,55,6,40,91,13,69,24,74,59,46,96,73,99,44,76
599,11,61,36,72,10,78,94,1,63,12,5,78,36,17,58,22,31,26,13,63,67,63,11,69
600,64,68,32,74,10,54,55,82,62,55,87,82,35,67,65,17,42,59,70,11,78,28,39,54
601,11,58,40,4,64,48,70,83,31,2,43,89,41,60,75,46,40,59,45,42,21,3,66,11
602,24,50,88,21,25,4,43,47,23,60,88,21,66,87,51,15,58,26,90,92,59,90,45,66
603,35,96,94,64,84,77,27,87,80,31,12,97,45,32,54,66,87,32,15,55,41,40,72,49
604,86,38,56,34,1,10,40,16,88,46,24,14,90,39,18,84,41,56,36,24,90,29,22,11
605,41,49,11,52,67,85,75,8,31,74,6,81,71,96,13,6,67,27,45,26,4,37,21,28
606,82,32,53,33,26,17,56,93,84,30,5,6,62,10,70,10,85,44,56,4,13,74,80,19
607,70,90,62,9,46,56,74,40,67,83,62,99,46,6,29,19,15,57,38,21,51,39,87,20
608,2,32,92,4,7,3,25,9,87,87,26,64,18,88,91,2,1,48,80,63,88,36,63,75
609,26,6,26,93,43,1,9,27,71,3,61,73,2,74,81,31,65,18,6,42,68,4,99,4
610,65,41,43,95,55,19,21,58,30,7,69,64,2,67,79,74,9,23,14,54,45,97,16,84
611,72,98,95,57,8,25,41,62,77,18,50,41,34,81,12,80,77,75,78,42,55,92,59,51
612,88,53,81,9,94,3,8,82,59,30,67,55,34,43,28,37,89,30,71,62,29,2,90,57
613,57,42,49,57,71,18,70,27,54,24,97,95,34,22,88,63,36,92,84,61,82,42,96,33
614,74,9,25,13,47,45,5,31,31,98,90,71,41,46,52,84,86,5,12,21,9,93,91,17
615,24,27,8,44,62,29,83,74,24,34,60,31,4,95,9,90,77,90,54,1,61,73,31,88
616,45,60,86,73,87,84,42,85,27,58,69,81,98,73,34,10,66,25,3,34,71,28,9,11
617,93,80,39,93,13,99,11,35,8,7,69,70,57,35,94,11,38,91,85,78,49,35,29,88
618,41,96,6,10,84,84,90,85,23,46,12,55,13,74,7,12,61,25,2,26,51,69,62,72
619,73,39,84,11,64,86,80,42,10,89,19,4,83,3,81,14,10,6,31,31,48,9,76,26
620,2,4,96,92,6,30,55,28,61,77,55,36,74,74,5,29,12,22,59,39,2,14,10,48
621,64,3,72,60,81,68,21,94,19,79,20,58,42,94,10,23,88,12,9,79,29,82,20,65
622,3,8,39,64,31,72,79,22,96,5,58,73,79,63,61,52,33,22,51,11,58,50,70,17
623,46,44,57,5,39,58,9,93,23,47,36,31,84,23,56,71,46,58,36,68,88,60,14,25
624,71,79,44,46,13,62,19,12,90,48,33,79,37,6,89,81,43,50,46,73,28,99,67,11
625,20,87,30,36,76,99,98,68,88,36,58,28,39,66,43,5,92,13,9,94,57,27,61,77
626,50,92,82,34,85,65,45,87,34,73,8,94,48,36,82,66,11,52,36,95,31,24,21,96
627,30,72,97,64,39,1,97,42,77,86,5,12,29,3,61,51,36,75,90,2,29,41,29,64
628,58,83,10,11,7,77,61,66,94,86,53,65,27,7,65,58,25,48,4,94,8,85,68,60
629,4,8,90,93,16,19,1,34,93,91,45,63,94,6,36,66,78,8,67,99,27,34,28,31
630,17,83,55,75,9,94,57,45,6,14,31,54,11,69,95,2,17,36,3,63,43,93,33,78
631,29,23,59,81,49,55,75,28,71,72,93,25,7,86,73,75,34,91,22,67,50,48,72,70
632,57,25,66,16,58,41,51,21,79,56,98,47,43,84,31,15,48,62,92,70,3,38,87,58
633,67,45,44,8,66,71,61,17,71,97,36,68,80,21,82,46,46,92,16,22,6,94,56,45
634,58,28,17,36,12,50,59,12,62,40,93,2,93,94,25,85,86,74,31,47,60,73,98,41
635,50,23,12,71,96,83,22,56,16,58,72,94,51,6,2,62,98,93,42,43,52,58,20,56
636,67,59,48,35,8,76,32,93,45,85,67,27,3,57,65,20,71,41,1,74,76,4,71,10
637,86,89,29,15,19,58,53,46,18,3,70,22,55,64,41,95,85,8,65,3,29,70,97,18
638,58,1,22,95,23,8,29,44,62,19,59,80,19,22,83,68,5,5,25,24,1,28,47,85
639,60,19,87,14,70,96,96,8,37,86,72,10,67,13,39,64,30,4,45,6,16,22,91,21
640,93,65,30,24,64,13,94,26,98,20,61,6,43,49,9,37,16,4,32,84,93,95,17,41
641,89,45,16,20,42,10,52,60,48,23,33,77,25,50,88,70,79,55,98,68,78,4,28,29
642,82,84,48,96,72,13,43,9,40,46,58,97,56,12,25,89,16,51,80,99,87,72,53,52
643,67,24,86,14,22,98,31,85,58,69,19,53,85,2,53,67,47,53,57,94,98,25,35,29
644,76,87,92,17,80,49,56,73,3,22,95,14,3,38,87,21,51,24,96,45,69,97,44,47
645,57,19,34,3,39,92,75,60,10,40,2,45,27,53,9,1,33,38,57,33,48,3,32,77
646,21,68,17,42,68,84,12,90,45,36,80,51,7,33,48,66,33,78,84,27,47,85,66,43
647,80,19,68,10,22,76,66,2,98,18,80,19,89,30,6,27,15,31,44,86,76,10,21,47
648,55,95,36,74,58,19,87,64,10,49,54,61,59,91,2,75,8,19,80,68,14,22,17,63
649,26,99,36,45,30,21,20,42,90,56,12,8,99,93,63,56,7,62,61,10,50,20,28,14
650,76,8,7,5,1,73,82,10,58,65,60,20,58,43,29,2,26,75,89,98,59,1,31,38
651,22,66,47,1,88,50,36,45,36,34,9,76,84,4,79,63,4,5,10,44,40,36,35,59
652,65,82,31,46,49,6,70,19,96,42,30,26,3,33,50,31,84,68,96,82,10,22,63,54
653,51,81,4,37,71,63,51,8,1,8,83,81,55,9,51,16,53,59,45,37,91,66,64,36
654,76,50,99,95,53,57,19,26,68,43,95,58,77,59,46,68,40,13,9,66,99,53,76,81
655,4,14,85,8,97,62,45,92,67,62,78,83,70,36,84,1,60,74,13,12,75,17,47,53
656,93,67,93,10,46,83,4,57,38,12,31,2,1,81,25,5,48,14,52,74,21,25,99,67
657,82,50,33,17,70,34,26,42,31,51,92,36,13,85,90,95,80,95,13,94,32,5,12,59
658,41,37,68,48,43,93,41,56,69,11,94,9,28,22,75,85,6,26,16,14,35,42,53,22
659,53,66,13,11,12,97,86,53,9,71,17,61,10,38,39,89,91,94,30,34,33,32,12,87
660,93,65,84,10,19,23,85,57,99,59,96,54,74,2,48,6,43,17,79,36,24,61,29,78
661,58,66,86,53,70,9,76,42,39,69,40,59,44,65,74,11,91,87,84,5,77,74,49,51
662,36,16,7,96,89,44,26,36,53,92,44,12,90,68,23,88,95,30,63,3,80,34,92,49
663,44,41,48,71,8,7,37,55,71,50,82,21,34,49,27,8,34,18,51,12,86,51,63,40
664,22,8,28,50,47,56,32,11,21,26,14,79,14,76,3,57,7,39,57,65,25,31,86,10
665,82,77,72,9,79,8,97,99,19,30,9,83,47,46,90,1,3,34,25,30,1,18,33,9
666,7,30,77,81,13,13,42,74,78,63,69,36,35,46,45,56,87,5,44,28,87,42,98,31
667,7,7,4,32,28,56,4,8,14,30,3,2,10,70,71,16,70,80,91,76,86,79,22,35
668,79,87,49,2,66,19,69,4,92,82,41,56,55,31,22,75,48,80,4,21,41,45,89,84
669,8,9,18,31,35,30,18,83,41,24,86,48,14,19,60,93,22,30,15,21,26,12,7,75
670,84,35,68,2,20,47,84,12,53,17,18,24,72,37,30,84,52,23,37,74,97,24,80,50
671,92,76,20,47,18,26,71,43,47,85,43,32,7,87,84,84,32,90,88,65,58,53,92,90
672,34,90,69,56,66,32,98,50,94,24,92,46,3,10,6,98,95,52,50,58,52,13,59,39
673,53,58,20,63,96,10,26,19,93,61,77,34,84,44,18,98,72,16,87,96,77,26,65,66
674,77,27,4,51,84,3,87,66,16,74,28,44,18,2,78,44,20,56,23,60,71,45,47,78
675,37,8,5,23,10,27,99,1,71,8,11,98,28,34,43,84,28,49,61,37,3,9,86,89
676,2,23,51,17,25,76,27,20,73,87,36,28,29,42,58,32,12,30,60,11,84,11,80,99
677,50,1,89,27,32,6,41,36,39,87,93,30,86,57,11,90,87,3,48,6,7,44,61,54
678,51,86,48,61,97,40,3,30,24,67,2,44,40,19,63,24,50,20,57,50,95,58,31,37
679,93,4,58,10,63,36,55,99,57,85,43,65,12,62,24,2,47,56,84,16,34,77,18,29
680,54,51,14,94,58,35,9,37,12,85,82,11,27,88,43,50,98,20,13,47,8,69,71,64
681,44,12,4,40,19,54,1,13,50,53,42,25,44,98,99,61,81,90,21,51,76,80,52,63
682,84,54,10,87,94,59,8,51,5,76,42,78,12,24,45,53,53,17,65,58,37,75,42,70
683,79,40,23,23,49,76,7,37,16,38,99,40,29,17,90,20,25,60,38,63,39,64,83,21
684,32,28,12,79,92,85,80,23,90,15,12,4,35,95,61,27,96,33,13,37,44,2,38,37
685,59,69,18,48,81,66,49,58,35,78,76,58,97,7,9,69,4,32,5,56,56,44,72,13
686,4,52,75,15,82,84,1,65,11,93,61,93,88,84,94,63,38,69,45,74,70,68,4,71
687,48,97,9,90,47,85,60,52,86,33,58,97,48,5,85,27,41,1,51,16,99,32,93,47
688,23,15,26,37,89,55,2,76,19,32,87,69,55,89,99,56,29,84,36,71,86,82,53,85
689,86,39,76,11,76,90,30,79,72,53,82,74,8,99,20,12,67,84,50,12,54,88,80,54
690,74,19,14,52,78,22,4,59,34,64,18,98,82,31,84,42,74,3,85,55,10,71,22,23
691,76,13,40,13,97,95,51,64,92,83,85,96,90,13,29,71,47,26,70,96,23,75,56,85
692,19,98,50,35,49,95,46,93,70,53,31,96,84,22,67,8,19,31,32,79,55,31,67,51
693,96,74,92,27,48,43,95,51,98,69,75,71,72,81,50,61,41,51,78,24,30,52,50,57
694,62,79,53,68,77,69,31,76,30,10,94,90,44,6,27,20,92,20,12,85,94,49,52,10
695,5,64,58,8,30,17,67,21,16,96,27,6,42,16,45,3,40,20,7,59,11,93,52,3
696,21,53,96,30,11,81,25,50,89,9,45,29,62,15,19,15,39,35,13,16,67,95,55,65
697,35,16,1,50,14,62,7,23,99,63,29,22,80,93,6,82,29,89,2,64,96,36,96,20
698,55,37,97,52,69,70,22,85,83,15,98,47,71,81,69,52,39,2,91,45,24,61,92,65
699,53,21,92,67,94,1,59,47,18,33,15,24,36,60,34,90,51,40,22,16,42,16,5,6
700,42,88,30,32,53,19,51,28,47,72,1,68,57,22,86,94,58,91,91,13,39,27,39,72
701,12,24,18,15,60,16,97,74,47,24,45,19,91,41,31,85,16,23,78,23,41,18,36,12
702,75,69,51,85,32,93,71,36,40,91,70,38,54,4,46,63,99,74,50,30,73,16,52,4
703,26,29,92,11,92,96,24,51,42,39,7,18,3,63,20,98,94,73,74,70,17,79,97,59
704,54,13,42,44,86,80,98,67,72,20,47,24,51,18,23,1,66,5,18,80,74,93,35,25
705,24,13,21,39,34,19,28,91,90,11,49,35,84,76,57,28,66,65,73,22,51,91,9,71
706,36,54,38,66,43,5,81,37,58,63,99,51,72,43,67,67,65,62,88,63,30,90,38,51
707,38,67,77,48,12,20,72,2,75,85,55,6,83,94,62,49,84,54,10,24,97,29,94,6
708,58,78,57,3,24,19,98,9,30,96,77,82,44,53,86,68,60,23,61,7,44,55,75,39
709,59,98,5,42,89,92,14,27,16,91,2,19,23,41,14,47,63,90,8,27,40,28,68,61
710,38,75,24,28,41,18,49,85,26,3,77,38,92,14,1,92,11,40,4,34,65,56,10,81
711,71,64,13,22,56,65,92,97,13,1,38,58,25,42,85,33,57,37,57,98,62,3,30,67
712,63,82,23,72,73,66,61,2,27,48,63,5,1,22,74,24,59,79,97,50,23,78,18,89
713,22,44,44,37,7,90,24,77,41,70,85,71,18,79,72,60,52,80,49,67,45,9,26,26
714,30,27,80,4,51,83,98,70,79,10,36,46,6,70,79,93,89,83,78,3,50,42,78,54
715,39,85,55,11,74,79,30,81,56,29,17,33,21,78,10,87,39,78,47,86,52,41,92,47
716,73,87,71,88,43,37,73,64,71,60,87,25,22,43,71,70,36,46,22,35,47,33,85,75
717,13,56,67,13,50,57,98,28,98,96,87,88,65,24,67,81,7,74,83,24,9,15,56,86
718,17,19,9,64,57,38,83,8,6,49,45,21,93,34,12,39,96,6,81,32,60,8,38,93
719,95,19,55,9,52,28,62,48,39,53,95,63,19,33,64,26,45,1,75,66,35,77,98,98
720,99,96,45,76,33,82,69,83,31,91,64,15,46,48,68,83,85,40,1,20,22,54,77,65
721,15,61,79,14,69,49,6,41,31,90,64,89,51,59,55,49,40,15,70,65,7,62,54,52
722,51,4,1,66,98,35,77,81,10,67,68,89,93,65,51,30,39,10,93,44,32,44,63,61
723,65,41,81,12,2,73,76,60,25,61,99,22,97,56,21,55,40,51,22,28,4,26,87,60
724,23,41,58,8,96,51,61,1,30,92,17,23,24,86,69,89,52,71,58,22,59,44,37,34
725,57,57,40,20,17,52,4,63,50,82,92,50,16,72,61,44,18,50,93,80,30,49,98,94
726,21,22,47,25,86,56,64,28,33,66,4,80,12,17,36,16,23,72,9,78,55,73,64,47
727,90,67,10,89,4,30,11,51,19,13,57,3,78,74,38,27,88,80,10,53,27,7,92,90
728,82,13,72,91,60,14,44,70,84,28,23,12,24,51,22,62,26,86,58,71,15,94,68,6
729,2,31,24,35,47,31,89,72,76,2,79,59,96,63,75,17,54,21,22,97,55,29,79,21
730,2,42,52,38,3,25,77,88,62,95,15,70,10,73,69,44,41,83,20,97,37,95,39,77
731,70,8,43,10,41,4,78,4,24,21,10,46,89,70,80,44,92,33,94,36,25,13,39,79
732,38,30,14,50,68,1,61,3,50,61,36,4,43,14,89,67,7,8,44,64,7,48,62,25
733,81,90,68,64,18,4,17,47,81,45,89,58,3,12,91,17,22,39,39,16,51,29,78,71
734,41,57,28,77,80,21,4,99,15,53,90,46,7,18,89,21,8,59,20,82,83,67,55,62
735,18,91,79,56,85,22,8,11,12,48,63,27,35,2,99,95,8,20,8,63,68,31,32,13
736,86,26,81,29,91,86,18,69,12,2,42,7,47,90,54,15,58,33,67,63,48,66,81,65
737,36,17,2,33,93,6,43,88,11,5,30,10,91,91,24,59,67,61,26,39,82,3,38,42
738,48,89,13,89,88,56,59,63,80,43,75,57,21,95,54,79,53,45,36,63,1,92,97,67
739,79,33,32,87,58,26,61,17,73,69,29,63,6,59,99,21,45,45,87,35,52,46,66,57
740,42,73,77,98,16,5,1,22,48,26,34,58,85,7,25,57,12,31,27,86,34,81,75,93
741,34,37,58,60,26,45,45,32,69,84,71,23,65,39,67,45,67,63,70,95,54,27,93,79
742,36,5,67,51,89,32,21,17,73,26,22,41,59,87,75,10,87,5,55,26,4,27,98,58
743,3,50,96,26,18,7,45,13,6,35,95,53,68,42,4,60,45,72,75,66,82,82,22,12
744,81,51,17,36,93,49,16,75,44,22,94,8,18,80,84,72,94,38,29,77,81,81,73,2
745,59,42,88,21,2,5,17,24,8,30,50,22,59,24,26,61,8,12,14,30,55,99,61,62
746,31,92,27,1,41,14,74,50,42,71,40,14,91,11,63,49,37,10,54,7,81,12,55,36
747,7,24,34,65,29,26,74,65,45,17,36,73,63,23,93,66,82,92,42,71,75,71,43,88
748,55,56,79,31,83,56,74,48,52,72,1,2,93,42,74,9,31,96,2,24,43,70,72,89
749,43,51,89,46,75,99,1,87,67,1,63,76,62,61,40,95,29,35,92,85,11,90,11,63
750,69,56,7,51,95,39,42,72,53,91,21,30,78,1,24,6,6,69,62,35,79,35,48,72
751,43,35,5,31,31,8,6,87,53,80,44,49,8,64,4,32,53,67,63,80,60,98,77,33
752,22,31,24,3,33,94,26,98,51,86,30,35,25,28,97,87,26,73,8,97,15,49,8,55
753,85,58,3,9,14,91,20,4,24,91,76,28,99,88,31,67,94,64,91,17,6,82,60,99
754,91,81,11,38,34,47,32,57,46,35,92,22,16,76,5,90,26,77,24,67,32,23,49,62
755,77,79,66,11,80,18,98,10,77,96,60,8,71,48,81,41,91,8,93,37,91,37,64,59
756,88,45,16,26,31,27,90,43,15,58,49,79,87,25,68,36,80,47,59,85,52,40,43,56
757,81,3,71,12,65,43,70,46,60,61,49,87,25,89,3,68,63,30,97,93,4,78,85,71
758,21,71,1,60,34,87,3,18,43,76,78,41,92,24,24,3,59,58,73,24,66,40,92,71
759,9,60,39,33,34,62,85,61,93,27,17,60,42,47,87,53,21,8,73,97,58,68,63,59
760,82,96,30,25,97,99,56,34,50,2,77,53,41,23,61,87,31,66,2,69,60,78,23,57
761,35,1,48,49,40,62,15,30,21,8,7,34,64,42,53,96,97,70,10,90,58,90,83,99
762,4,89,8,12,88,88,81,25,97,27,2,73,55,58,33,83,49,5,47,84,24,95,44,68
763,96,99,14,36,51,6,17,82,72,51,52,12,81,95,1,11,16,92,9,8,25,74,40,67
764,23,62,23,44,56,68,23,9,4,34,82,34,98,42,3,83,34,90,99,95,43,91,67,37
765,12,87,81,16,62,17,15,26,45,2,17,65,94,96,30,68,44,96,60,99,1,19,33,83
766,36,91,77,91,78,24,99,83,25,11,9,6,58,29,73,97,87,79,11,23,26,1,94,81
767,47,41,23,5,99,50,9,4,71,65,80,57,25,58,6,14,63,75,65,52,65,8,96,97
768,8,14,24,64,93,25,6,1,87,33,14,63,56,62,28,29,23,44,38,49,43,10,27,8
769,68,85,85,30,13,58,3,84,5,22,58,66,89,40,88,5,16,15,77,75,80,18,89,47
770,4,53,58,85,75,58,59,34,30,54,68,78,75,68,26,3,57,37,38,41,4,26,39,42
771,11,11,54,38,20,26,76,93,14,50,25,55,51,90,10,14,5,57,22,75,29,7,18,31
772,43,84,35,71,94,4,51,94,30,94,53,82,74,14,36,87,12,76,34,26,6,53,15,19
773,47,87,77,95,61,90,52,18,60,47,57,33,32,4,41,19,7,99,26,87,98,51,56,71
774,75,51,8,13,32,34,18,79,55,43,24,21,18,14,53,19,77,57,64,80,2,57,34,49
775,90,54,22,84,93,82,93,44,91,35,29,6,37,89,85,58,64,31,50,80,60,14,70,11
776,27,69,79,38,62,53,80,18,97,99,52,24,99,7,14,50,94,24,79,13,19,29,22,2
777,77,36,38,18,51,15,99,52,17,77,22,54,52,85,90,46,4,7,10,15,26,80,40,98
778,61,81,16,98,93,18,75,76,2,54,18,54,38,97,73,15,64,92,8,46,39,52,8,50
779,50,83,68,27,77,38,21,90,45,58,23,54,30,95,95,16,52,41,71,81,24,20,27,2
780,60,51,1,98,91,6,38,54,60,27,80,62,63,99,91,35,58,61,36,92,56,67,57,41
781,31,3,38,53,52,24,26,92,73,37,91,48,67,41,49,28,32,99,71,71,85,32,38,20
782,8,68,26,79,70,48,96,69,46,58,70,67,29,83,10,71,65,65,17,22,14,6,30,47
783,97,20,16,68,34,1,77,48,8,22,68,34,60,45,37,23,84,24,91,13,69,80,60,38
784,48,93,26,86,88,77,85,1,4,67,87,80,13,39,31,24,79,5,49,86,86,11,24,45
785,74,34,11,57,29,22,33,72,49,96,23,69,95,29,6,52,89,89,95,14,17,80,28,9
786,66,4,20,41,36,6,65,50,64,3,37,3,33,59,15,56,61,68,79,71,68,62,67,23
787,14,6,33,9,12,99,95,51,3,56,46,36,13,13,58,98,85,34,43,28,56,47,35,78
788,82,19,83,97,51,99,20,29,72,89,81,65,38,49,94,28,33,13,88,44,86,52,77,76
789,41,49,7,36,93,93,26,27,24,95,71,81,33,98,18,5,1,71,98,3,36,35,51,12
790,15,4,56,97,16,93,6,63,23,77,44,1,57,76,27,25,86,62,98,18,80,93,30,30
791,84,47,22,42,34,63,4,31,51,50,14,8,69,8,11,29,55,85,39,13,64,49,19,67
792,98,83,96,52,78,71,20,96,54,95,86,5,95,79,62,17,53,37,19,10,44,98,49,89
793,37,58,92,15,20,55,13,20,43,95,82,41,48,56,92,68,88,44,73,47,50,32,96,54
794,39,85,58,61,91,72,83,93,19,69,22,35,10,15,2,22,99,83,12,98,62,45,58,20
795,51,7,24,67,70,97,53,34,33,93,23,58,68,69,98,80,40,47,43,61,42,62,67,55
796,49,49,78,33,28,57,41,79,4,20,89,35,53,39,53,86,99,92,10,80,87,83,65,1
797,53,46,26,98,2,28,84,27,28,31,47,7,72,96,75,48,26,55,89,7,84,57,58,94
798,1,82,72,29,22,96,40,62,14,2,35,71,67,79,98,22,18,46,82,63,98,36,46,37
799,18,43,29,76,18,95,15,59,94,28,53,15,43,33,2,59,8,33,35,18,90,21,64,28
800,84,45,20,4,36,98,77,95,52,39,71,81,12,55,94,48,98,86,85,9,12,81,80,69
801,83,57,28,17,22,35,59,79,19,50,26,60,44,56,99,43,23,74,22,47,55,11,55,26
802,1,62,21,8,20,45,81,79,85,65,60,67,95,56,31,85,87,81,22,62,56,86,72,8
803,62,78,24,22,15,84,91,28,22,31,73,62,87,69,39,81,40,69,55,71,64,8,71,86
804,44,38,21,4,32,55,93,60,59,94,67,5,83,72,37,95,27,13,6,65,30,75,52,41
805,95,80,15,5,15,1,15,60,48,54,55,72,86,27,98,30,76,60,66,46,52,86,81,35
806,42,56,45,52,23,29,29,57,19,81,8,50,7,11,67,66,83,28,56,28,89,75,40,2
807,76,61,76,25,95,54,17,48,12,61,94,2,80,65,52,34,45,1,52,67,98,76,56,58
808,91,50,25,12,97,73,65,56,50,87,28,3,38,64,54,36,44,44,69,93,53,13,44,4
809,70,51,70,11,91,54,62,59,99,61,40,4,27,16,82,7,11,72,64,52,6,48,69,6
810,61,66,95,96,73,79,85,53,28,91,5,81,58,24,31,99,41,68,84,81,46,10,37,21
811,21,80,97,10,82,97,93,95,24,12,20,70,8,78,5,54,36,38,3,36,22,8,61,78
812,7,68,62,19,47,24,80,6,8,25,96,89,74,41,58,81,60,3,9,52,58,60,82,49
813,94,5,62,32,27,85,24,38,67,16,15,25,72,4,32,45,56,35,53,30,49,94,81,83
814,52,95,81,2,59,37,29,30,22,75,97,19,67,86,18,94,65,84,5,76,11,88,58,18
815,72,93,56,22,56,66,23,16,44,72,68,14,9,75,16,13,36,44,81,14,93,17,65,84
816,97,54,2,17,23,86,1,12,13,78,74,12,57,86,18,83,94,15,39,78,73,69,33,48
817,5,88,8,19,52,12,72,8,55,84,93,34,82,65,75,47,35,32,51,80,6,9,40,86
818,48,72,96,26,82,37,52,12,38,98,68,16,61,24,78,17,95,4,50,98,3,8,12,35
819,66,53,93,87,33,18,58,86,78,93,45,15,15,45,68,69,67,76,62,84,44,20,39,39
820,1,67,47,73,54,20,9,95,28,64,35,40,2,3,14,81,99,68,47,94,54,58,62,51
821,78,48,27,77,55,84,49,24,10,7,17,22,59,44,11,42,23,60,86,62,54,82,90,94
822,13,68,27,40,74,92,85,75,84,83,10,15,45,53,82,7,30,78,30,27,49,57,64,63
823,48,41,81,30,82,3,92,37,30,54,85,84,86,85,88,85,7,8,86,86,63,63,64,30
824,98,93,10,69,49,39,34,10,9,60,96,5,35,11,42,80,91,20,51,1,90,11,61,79
825,39,48,82,88,28,89,87,75,97,80,36,87,70,62,88,70,10,86,87,5,28,59,9,39
826,92,62,89,38,91,24,64,43,16,66,66,69,46,21,60,10,18,90,84,41,36,85,66,46
827,97,23,39,95,4,41,3,53,74,96,36,49,27,53,49,83,1,90,46,62,77,99,66,22
828,39,92,44,2,75,59,90,28,90,81,67,14,16,51,28,92,53,52,25,57,9,11,45,85
829,2,54,34,42,77,69,11,29,92,92,5,20,39,74,32,29,66,1,84,1,4,15,47,30
830,6,1,71,62,64,5,54,49,7,3,76,61,79,84,41,21,32,12,7,51,45,95,65,60
831,75,45,34,83,11,97,33,8,45,72,98,91,93,78,34,45,65,73,52,10,94,43,82,81
832,70,11,88,36,97,97,18,63,5,31,16,66,9,2,37,84,59,81,58,89,83,8,52,75
833,77,77,73,69,82,52,78,34,86,48,97,24,93,13,50,91,65,71,4,64,74,99,39,63
834,58,16,91,84,62,10,62,33,71,42,44,46,86,81,73,74,95,31,5,18,6,50,28,24
835,69,28,58,67,18,4,49,32,96,83,93,97,66,58,11,97,65,17,80,66,4,32,71,29
836,61,60,73,58,99,53,5,61,21,58,81,14,96,79,85,54,78,41,16,51,1,40,18,34
837,90,61,21,1,27,51,11,14,92,55,27,22,21,24,19,24,26,25,45,29,74,11,24,24
838,12,7,40,81,99,70,76,79,96,23,71,38,31,29,44,28,76,91,68,21,9,49,98,37
839,21,60,23,88,10,70,21,29,59,40,21,86,99,63,46,5,15,83,80,40,87,4,85,24
840,42,26,66,8,73,66,78,20,66,68,99,55,78,85,79,39,50,20,70,28,43,66,28,98
841,78,73,23,35,22,5,60,41,29,35,98,68,45,9,51,14,69,56,91,11,30,39,98,24
842,80,58,30,24,67,29,42,76,62,27,29,66,57,61,29,57,73,55,44,28,37,23,77,69
843,96,92,58,79,88,32,85,69,36,92,32,59,60,87,80,74,93,27,99,24,87,67,36,14
844,68,44,48,32,84,17,93,57,39,32,68,88,2,78,42,38,55,55,34,46,43,2,36,70
845,36,22,69,38,54,22,75,31,53,93,59,97,86,49,27,72,57,6,46,25,98,9,64,31
846,19,65,88,98,17,34,99,36,13,59,89,76,21,65,6,11,80,22,11,37,26,57,26,21
847,57,26,15,63,35,11,73,87,68,94,92,89,86,89,90,50,29,64,41,96,26,28,84,48
848,66,23,39,69,21,86,49,75,94,92,36,81,85,37,89,88,94,42,62,99,85,6,85,8
849,69,40,10,31,30,51,85,36,61,27,35,60,32,90,4,91,27,47,6,82,26,24,71,44
850,14,13,26,43,43,66,87,28,1,96,12,50,53,60,55,35,61,26,31,57,12,93,5,99
851,7,16,96,52,81,21,27,79,23,72,25,11,63,57,85,54,10,50,73,1,86,70,30,55
852,98,77,86,6,24,85,87,5,7,3,13,54,63,76,6,98,79,47,82,55,49,57,3,22
853,35,28,42,12,1,94,23,28,69,36,54,47,56,10,5,14,24,63,28,21,76,20,62,96
854,51,40,85,81,65,28,54,2,81,14,14,44,82,40,34,65,18,34,87,49,80,83,55,62
855,70,24,81,48,80,39,48,70,80,9,29,68,60,26,38,62,26,14,99,49,43,88,8,40
856,25,63,4,15,16,54,11,28,7,38,24,95,68,37,35,6,33,96,99,81,54,96,14,19
857,88,11,71,45,60,88,58,88,78,24,11,72,44,79,66,88,45,74,32,17,54,10,86,6
858,91,20,1,64,81,1,61,79,1,81,46,60,43,44,38,2,82,12,93,23,9,8,50,80
859,62,23,93,59,10,12,62,76,30,74,78,68,47,84,41,7,94,88,74,52,45,38,36,81
860,85,58,46,67,65,18,2,4,96,83,84,42,49,49,7,9,71,27,21,35,88,96,76,87
861,36,93,67,43,8,98,78,36,48,46,32,7,74,12,55,23,75,52,13,76,71,53,63,74
862,71,51,58,27,7,50,24,87,25,44,36,57,97,37,52,63,7,94,60,95,37,21,98,46
863,21,84,98,72,96,52,94,29,69,94,76,39,27,77,10,36,95,16,36,90,84,34,37,72
864,68,59,29,31,66,89,3,69,22,80,73,53,48,73,76,47,42,4,82,82,42,43,97,42
865,3,59,81,76,11,81,35,50,63,70,99,6,32,11,43,39,13,13,39,46,34,67,32,68
866,65,73,7,91,3,86,80,72,69,49,58,94,28,27,22,94,71,94,13,22,75,5,22,79
867,53,39,37,31,62,93,81,6,81,34,87,52,30,13,58,94,53,20,6,55,31,59,19,70
868,98,28,13,52,74,61,41,45,7,82,86,14,36,8,12,40,97,88,62,14,49,51,62,5
869,83,67,1,97,49,17,73,95,35,67,13,37,38,78,6,93,63,49,9,36,23,79,57,50
870,59,7,47,89,87,75,56,8,36,42,39,65,44,77,80,46,13,37,14,13,12,55,28,22
871,84,19,75,30,54,90,15,30,29,32,30,16,36,82,48,28,62,83,56,56,75,17,62,21
872,37,34,97,29,68,96,60,11,90,82,96,60,91,80,74,34,33,10,60,26,25,2,90,84
873,3,32,1,24,50,43,44,33,38,52,35,17,58,48,43,48,44,33,75,87,96,83,76,92
874,2,10,83,28,47,8,23,48,94,92,63,77,37,12,74,81,65,86,15,80,84,10,42,26
875,49,23,64,17,34,57,86,4,71,69,95,83,68,50,86,67,87,68,88,59,78,63,67,85
876,26,1,94,68,78,18,12,38,42,36,16,65,67,39,99,59,79,38,16,81,98,74,11,28
877,91,82,94,77,80,2,20,76,93,72,38,56,84,99,39,31,80,23,34,96,17,24,35,23
878,8,54,87,21,19,31,50,71,24,46,8,77,3,34,77,57,58,96,35,21,65,66,57,42
879,43,26,67,88,26,8,47,37,72,82,18,76,36,2,84,3,34,46,62,70,57,10,88,18
880,33,7,45,29,83,38,39,25,17,61,51,37,67,24,82,49,90,21,75,57,41,17,21,68
881,96,82,64,44,28,36,37,44,50,90,55,88,10,38,49,72,2,44,35,21,57,91,23,32
882,90,71,33,17,72,42,17,48,48,82,57,61,44,23,76,87,53,33,56,28,23,63,7,2
883,65,4,8,49,29,82,55,37,95,6,24,79,40,12,64,46,14,27,37,77,62,67,80,76
884,14,98,95,39,5,76,26,81,53,63,11,33,41,40,46,4,96,95,11,81,27,8,21,97
885,5,62,32,89,58,72,27,26,40,29,73,82,7,21,80,67,96,10,62,96,8,96,4,29
886,12,51,19,31,26,6,29,17,20,42,47,74,70,96,2,74,37,91,19,41,16,84,60,57
887,64,5,18,72,13,74,36,19,31,93,23,32,11,66,96,5,95,13,86,64,35,83,29,23
888,83,80,95,16,26,3,23,57,9,51,88,33,78,92,24,50,52,71,38,44,89,56,66,45
889,52,1,87,82,64,8,98,43,8,29,13,1,29,50,37,1,69,48,55,66,63,22,94,11
890,29,3,45,77,3,74,68,14,87,81,65,57,15,60,54,2,82,64,86,28,94,77,67,3
891,53,26,4,16,92,72,54,16,31,87,2,73,91,45,54,59,59,22,34,73,97,56,34,99
892,26,71,45,91,76,81,21,43,86,90,39,13,42,45,87,51,94,17,91,84,63,7,55,4
893,31,94,95,56,4,82,84,40,47,50,23,51,38,9,61,80,21,9,25,36,43,78,81,28
894,64,45,56,48,8,14,15,39,25,63,59,75,29,3,39,22,41,20,19,13,91,19,80,66
895,65,3,24,38,2,56,80,93,37,4,78,81,44,45,81,84,47,93,26,81,76,92,9,96
896,98,80,48,31,55,91,93,1,91,96,59,11,99,2,46,1,70,71,66,2,69,13,19,83
897,47,1,99,18,32,96,72,11,20,8,92,85,38,6,2,74,73,55,3,66,72,73,26,98
898,48,94,8,67,75,89,69,76,30,27,43,5,20,52,21,3,41,64,68,88,71,24,52,75
899,2,44,41,70,7,38,82,45,9,53,28,19,68,4,13,92,11,2,70,12,37,56,88,52
900,73,90,4,4,49,52,34,22,13,63,15,40,38,55,44,66,66,43,72,38,82,29,75,56
901,6,9,22,46,89,31,21,38,52,19,10,46,76,83,66,79,38,62,72,46,35,43,30,73
902,63,30,83,29,66,92,72,89,74,22,35,42,24,26,31,87,2,39,97,88,12,73,44,43
903,67,87,88,97,94,38,66,40,22,75,63,59,76,19,20,73,43,58,82,54,82,40,27,13
904,47,72,23,59,77,7,50,66,3,39,87,7,68,55,8,32,19,12,57,10,78,91,21,20
905,4,19,29,71,64,97,72,11,33,25,33,26,36,11,30,57,97,10,93,25,96,68,57,34
906,86,77,54,51,6,59,54,17,26,88,9,2,20,91,6,91,88,79,55,48,58,97,42,74
907,21,6,30,23,36,3,90,34,30,82,81,42,21,88,4,49,48,89,51,24,46,27,95,51
908,99,20,80,95,71,18,8,27,14,18,65,31,20,70,45,1,19,39,27,56,16,78,98,7
909,20,31,86,84,79,25,1,17,80,85,27,99,24,62,52,51,66,57,55,53,89,19,13,29
910,96,6,73,1,24,74,99,6,48,20,76,67,55,18,21,99,64,37,19,89,56,62,18,30
911,56,42,53,98,74,86,50,4,63,67,56,49,92,22,12,49,13,33,47,64,83,17,34,68
912,39,72,97,1,5,96,40,63,1,35,86,93,17,94,99,60,1,4,9,45,32,69,14,51
913,90,23,46,86,27,89,36,68,32,73,66,42,50,57,64,46,89,74,89,54,53,29,37,69
914,14,97,27,5,44,15,67,1,24,76,62,78,57,20,58,14,78,53,35,62,61,19,84,42
915,44,87,98,1,68,81,90,78,46,51,32,84,80,19,39,88,14,29,42,14,11,75,47,24
916,22,49,55,55,85,70,78,73,35,44,36,89,15,45,62,92,50,78,13,31,5,83,8,13
917,41,17,32,5,9,34,1,40,79,54,32,98,99,50,59,92,81,62,11,23,26,63,46,69
918,90,6,51,43,98,42,13,25,2,14,17,40,39,25,91,48,88,49,33,27,45,31,63,38
919,79,40,58,65,11,15,97,57,96,25,39,33,29,58,98,72,11,13,69,83,21,3,26,33
920,94,22,62,5,19,9,58,24,39,76,61,48,91,50,62,53,21,38,99,96,59,97,43,17
921,69,44,84,63,23,68,26,94,48,47,46,29,34,10,20,88,34,13,87,10,86,45,78,89
922,82,84,92,8,5,85,20,44,80,58,20,89,71,89,74,40,16,4,10,51,48,95,76,20
923,32,66,60,11,20,23,77,35,17,10,38,78,83,32,54,97,57,89,25,14,45,44,38,36
924,88,39,39,13,66,34,15,58,59,66,52,89,69,98,5,43,8,78,93,94,63,68,35,71
925,90,32,97,24,50,59,65,93,38,38,21,23,46,69,30,40,82,70,69,42,18,59,13,84
926,21,68,77,82,77,77,61,99,38,40,27,58,90,76,66,43,20,35,55,74,72,40,46,95
927,79,42,18,15,83,88,99,66,13,57,9,99,66,16,2,16,72,1,82,26,44,5,21,35
928,92,54,90,96,50,44,85,4,42,41,36,24,97,5,57,67,11,45,96,22,11,38,59,86
929,4,67,10,19,82,28,95,17,24,1,5,32,53,81,57,85,43,86,39,34,78,80,5,18
930,4,92,91,70,11,47,85,81,31,98,13,23,65,68,30,31,47,16,43,3,12,76,11,16
931,29,21,58,43,5,52,13,81,12,81,1,8,16,15,19,25,31,2,59,89,31,68,68,12
932,17,85,29,86,36,80,63,15,30,51,11,57,13,87,55,98,63,84,2,72,82,56,7,43
933,31,61,22,62,28,25,65,32,89,48,80,93,24,81,42,70,78,90,92,36,31,27,66,83
934,92,45,44,57,21,55,15,34,3,1,24,43,27,9,88,17,92,39,55,68,93,45,28,56
935,29,29,69,11,2,68,10,72,87,27,87,98,35,81,50,74,2,17,95,80,24,57,71,83
936,16,97,36,45,10,63,43,51,79,3,66,35,91,69,79,36,49,97,1,76,42,41,73,57
937,20,94,14,87,93,99,52,91,54,49,91,30,3,12,31,37,27,24,41,64,11,91,73,16
938,14,47,30,24,13,97,9,49,26,49,42,45,77,21,29,92,24,77,42,84,71,41,48,79
939,89,99,77,43,8,85,63,63,6,74,52,21,14,58,97,25,56,83,9,36,57,79,5,81
940,94,7,6,79,52,74,70,55,77,14,1,97,83,73,37,49,12,5,70,11,53,55,74,79
941,50,53,55,92,3,16,45,81,36,19,4,59,89,91,12,63,56,27,68,24,81,26,82,22
942,70,19,34,11,88,45,37,23,40,43,4,82,94,15,23,12,68,68,52,41,78,59,58,59
943,72,23,1,56,75,91,4,29,17,49,83,51,49,24,44,41,57,56,32,31,16,32,42,34
944,99,37,16,85,13,82,66,33,82,92,35,37,76,40,8,54,89,7,2,97,56,97,57,49
945,87,69,78,8,84,63,82,87,93,71,88,46,89,78,67,46,78,67,42,64,73,53,71,90
946,7,7,36,13,67,20,73,53,86,52,97,61,87,87,90,96,61,56,92,94,40,81,63,57
947,82,89,4,26,95,62,76,54,62,18,10,36,2,60,89,47,73,32,69,51,67,81,77,67
948,92,68,82,56,99,14,16,76,75,66,33,13,30,26,82,13,68,33,15,17,6,5,33,54
949,16,46,24,5,67,99,91,76,50,41,89,55,81,20,92,50,35,50,79,33,67,71,10,90
950,41,40,6,33,16,24,94,60,74,11,44,86,3,38,40,87,19,40,53,77,36,67,86,89
951,20,28,57,3,86,37,18,84,46,5,73,93,81,76,57,26,33,97,36,93,22,82,17,44
952,52,88,22,69,1,83,30,39,79,35,69,70,89,11,51,63,86,34,55,78,73,20,80,58
953,81,17,34,75,99,62,34,72,19,97,87,66,72,93,42,51,71,49,29,95,30,99,25,68
954,62,38,17,74,1,18,63,46,19,50,96,54,31,97,86,65,46,35,49,81,34,29,6,1
955,55,27,12,4,80,52,11,52,84,26,28,72,66,90,27,97,55,71,54,46,36,21,49,34
956,87,34,40,7,90,52,49,81,95,89,37,62,15,2,11,96,94,17,88,45,68,61,46,32
957,19,67,4,25,73,21,87,93,94,89,93,98,14,22,48,51,80,11,59,14,7,69,58,40
958,93,81,94,25,78,42,86,44,5,28,76,60,77,21,96,49,56,57,85,61,38,73,2,3
959,43,74,35,73,40,96,85,58,34,25,56,32,22,89,65,21,80,96,21,28,19,14,87,24
960,20,32,74,52,65,95,52,58,79,95,92,10,70,15,47,91,10,21,19,68,22,63,38,15
961,70,75,44,30,24,86,94,46,4,6,38,26,19,2,68,69,47,99,29,64,80,12,85,73
962,11,8,60,26,32,39,4,98,92,89,44,99,83,35,51,51,29,78,85,36,78,60,15,51
963,50,94,55,12,50,62,5,27,79,90,9,35,13,44,46,97,98,68,77,74,53,1,11,50
964,9,38,87,13,5,25,10,5,22,42,89,20,28,21,11,93,69,37,49,69,33,45,8,6
965,15,15,9,61,56,5,26,87,80,57,35,10,91,80,21,12,9,16,73,93,54,23,39,88
966,22,55,31,74,47,27,98,48,39,88,21,15,81,45,19,53,89,55,86,49,78,61,60,92
967,76,91,24,86,39,61,23,72,92,93,79,39,72,92,97,11,42,25,34,22,2,51,16,11
968,78,96,86,69,87,62,19,29,42,23,60,73,18,95,81,55,18,27,85,1,96,14,59,78
969,33,36,39,76,45,25,15,20,34,58,60,78,30,13,78,93,90,67,89,91,45,40,80,38
970,75,93,47,88,29,34,11,20,20,73,56,23,91,88,25,89,33,31,74,79,1,54,16,85
971,59,66,3,15,32,50,91,99,60,88,8,7,4,94,10,60,25,42,47,96,96,32,74,73
972,25,89,16,49,16,94,38,5,7,77,8,33,62,74,84,32,93,1,91,20,55,63,78,79
973,6,52,2,93,39,32,51,69,86,92,32,93,3,62,95,13,70,21,61,14,89,71,22,32
974,41,32,42,52,94,81,54,62,85,90,43,3,38,81,39,70,85,45,46,13,52,9,57,69
975,43,7,44,44,95,68,77,44,79,40,77,43,62,43,90,19,49,65,77,25,84,41,23,58
976,88,43,40,30,34,10,60,1,12,46,93,75,17,84,58,38,6,62,84,74,10,95,26,58
977,17,53,78,5,67,20,51,46,79,67,3,23,9,11,47,49,44,13,8,63,22,38,27,26
978,23,95,93,65,74,47,61,46,4,31,4,29,73,79,44,3,59,79,53,11,6,47,7,68
979,85,1,56,87,77,43,28,29,18,87,92,73,62,6,16,1,22,46,62,23,21,51,95,38
980,28,44,91,39,42,42,60,57,77,96,7,51,97,77,32,7,76,40,15,59,85,12,77,42
981,39,63,2,29,61,29,38,7,30,87,92,56,87,36,42,93,4,84,5,46,75,2,54,88
982,59,33,22,47,6,24,93,49,96,94,51,41,67,89,92,79,81,2,91,78,43,32,12,23
983,16,44,2,7,21,58,95,23,60,25,35,99,45,7,69,32,53,69,25,95,84,86,77,2
984,86,61,9,51,2,45,32,72,80,97,75,32,8,96,85,89,20,65,21,7,89,9,86,2
985,19,60,70,59,69,45,62,10,65,26,90,60,18,59,21,46,12,78,32,39,99,81,55,55
986,10,35,80,6,68,62,9,29,71,80,6,44,64,67,44,78,14,9,23,57,57,15,64,7
987,20,64,19,6,51,39,65,71,99,25,23,89,58,11,34,31,38,46,12,9,13,64,20,59
988,85,22,65,60,41,81,45,4,70,45,58,83,94,23,32,63,93,8,85,81,81,85,79,91
989,25,33,66,16,55,36,72,80,7,69,87,8,3,35,36,79,30,15,93,68,98,87,58,99
990,28,95,42,97,18,5,9,84,9,18,56,15,79,78,62,35,40,51,60,56,84,75,41,54
991,17,25,93,87,9,56,89,23,2,45,65,38,6,48,44,79,7,66,62,30,93,76,52,98
992,94,36,35,66,50,3,76,4,55,52,59,71,20,19,8,67,27,79,8,18,29,46,36,3
993,9,10,84,66,1,91,4,48,96,18,78,45,15,51,61,4,19,88,94,77,11,28,57,75
994,54,65,47,4,34,76,54,88,61,96,83,93,93,83,20,3,40,69,23,69,94,32,24,51
995,58,42,35,32,54,45,48,86,85,92,49,34,16,11,97,19,92,29,54,53,67,82,82,76
996,82,32,83,56,63,4,11,3,27,80,44,18,30,88,70,47,34,76,42,23,40,15,80,57
997,14,79,12,35,25,78,2,18,35,9,11,90,67,69,96,74,38,70,75,81,59,66,41,24
998,50,5,21,6,4,9,69,68,9,18,59,43,80,66,29,48,51,42,36,76,45,98,35,6
999,37,36,84,16,72,22,69,69,63,75,19,81,18,73,17,41,33,84,55,82,24,77,40,28
