,0,1,2,3,4
0,4.613284151666223,-0.8221918603221221,1.884811365640493,1.3550691181456394,-1.0681646536815759
1,2.211235189033422,0.9195108335889133,2.599395211375933,-3.063512964308066,-1.3972861473015086
2,1.7122191378332925,-3.751965374870827,2.7039756798911547,-3.6656022772378485,-1.7554584896579515
3,-2.624713266650651,-4.390144383828643,-2.293431631095472,4.115112092837345,-4.730713530512233
4,-4.831710692885132,2.0426684791438596,-1.3313008502313672,-2.7025892112517558,0.08872151214188495
5,-2.3332446304940158,-1.0798207746718083,2.1533638869309453,-3.8309293551696055,4.596562079612564
6,-4.574713157309463,3.065373553282285,2.2459119395141034,-2.179104228724267,-3.8167714844774303
7,3.5237493819424834,1.796116264169335,-2.091187764650307,-4.830708283297266,4.384903423680463
8,-0.9574683354003808,-3.2373315301070305,4.118339453433821,-1.4097935564742636,-0.367483590024027
9,1.986186633839151,3.194188270343922,-3.9982225125345208,3.9867390404380245,4.325397181235374
10,-2.407302733358805,-0.026120600580460618,3.578753342124294,-0.1265166813128218,-0.18025428582045677
11,1.1852318984927726,2.6743931269683703,1.6561738579570386,1.2656664190640567,-1.283286656571636
12,1.3007370562935794,-3.9672712694669867,-0.9044188315012764,-3.116487172085196,0.37567841749380104
13,-2.3795481224241954,0.05934821829751691,2.7732503178989996,-0.6600730544270714,-2.8127133699920073
14,-2.7701832552210326,4.062544481980714,2.8090476462494447,-4.634273323701208,4.427228082583714
15,-3.874348127851693,1.5294238522205497,0.5150308157745087,-4.533271521644363,-2.0482672472840813
16,2.758536035863404,-1.9312015953768924,-0.19667606190958065,1.9795054250725261,-4.28427156127039
17,3.3260571348979564,-4.5841882017840065,-2.376125515365366,2.6306726562868974,4.11875151697018
18,2.603437152006035,-2.730006412016163,4.857238207806374,-0.8666577252028631,-1.2354878896559551
19,3.6523549954814385,-4.337910235771934,0.5608142882981006,4.656258521330644,-3.998696641021975
20,0.4084905111109718,-3.6754338299169387,3.8997796346575484,0.8774838659261537,-2.6539661618667143
21,-1.9295698678330364,0.16630973288809692,2.2534810595917873,-0.12505789607787055,-3.1073405617010175
22,2.0813121683800615,-3.816362689216737,3.0940729902218944,-1.0439988309488535,1.5271058526262777
23,-1.5529984615879444,1.6907353155047709,3.8918691138514525,2.0140426985510773,1.7140898462858933
24,2.5741081196252926,0.0021201057786335298,-2.7970732950557253,3.155220501191037,1.4848199682871135
25,-1.8617911945802215,-2.2412983217258398,-0.00071070182309807,-2.926943467121137,3.782388321589373
26,2.8857327079719974,-1.9168503468884324,-4.505964523954795,-4.481319104648262,-2.0288024194511056
27,-3.524925757022256,3.733322479235685,-0.792171859236884,-1.5197350694650402,-2.821009048024586
28,3.4120102189291526,2.9246700054311123,-1.1567347040698692,-3.306421496590908,4.519882472610021
29,-1.8414000151903087,2.7109172188370767,-0.369504303677858,2.8164596500438455,-0.18390753889788058
30,4.255598038483326,3.0042337404223716,-2.39710962276914,-0.6962222479487421,-3.9941019360576235
31,4.03471313169721,-4.3070367804217895,-4.817583917546687,-0.03566934786537601,1.0312910649294107
32,-2.767856076930726,0.7054908474642492,3.955618811107435,1.2611514889563145,-0.44259163744693986
33,-3.555710156088172,-3.3105827067771276,-0.15645298391380358,-0.3687864140373396,0.2238866572147682
34,0.078904280260641,-1.5872110396853945,1.958636300542076,-2.877888830812104,3.5232883539479154
35,-3.0560388390889637,-0.8411260042578803,-2.8925655430786703,1.1845280501818678,-0.22362259427163522
36,-1.2568601522487222,-0.24866517405216282,-0.7875954615602465,3.551655230942478,-3.75733501136716
37,2.9318142128911617,1.5532958389095644,-1.5167962265567105,4.19102061155443,-3.2305437935440673
38,-1.8971171224347483,-1.251589334615514,1.477962810907285,4.464113450220534,0.9344786272795078
39,3.5630608562677093,4.049732897263329,-0.3353628736313885,-0.2756587322605908,-2.500022527235606
40,1.0158651435136647,-3.7997217733568767,1.343287314676827,3.928971096315335,2.60785688210981
41,1.4918837733845534,3.38403993497106,2.298151651055278,0.29662009047866444,0.21064369816238404
42,-3.929968611354151,-0.6558525303400353,0.2244945970010921,-0.3008297610447901,2.760138781796975
43,-3.390379677966057,2.9489891061447873,2.4166276682283048,4.008223271839684,-1.2654500732571714
44,-3.2345661096838496,2.5862858696726967,0.8843085178104833,2.124923482589538,4.967404708691651
45,-3.054602503782956,-0.8894839452586236,-3.0730320727583105,3.6062318724406985,-4.830189746098026
46,-3.6477688186608836,-2.5212972902922437,2.7132320393238993,1.2845420286804856,-1.1138766805634894
47,-3.412996968155083,-1.7839130397376177,2.434202588808663,-1.180483008165166,-0.37404667715125406
48,1.0862601516839563,4.128875431702509,-2.4989473265603013,-0.520034328903991,-1.896786550792957
49,-0.3381307515907439,1.964615576728983,-0.17935904562286797,3.3453634531641594,0.5325809934050421
50,-1.1423482809383056,2.823210660781421,-0.686760969766226,0.15552636138809817,4.9467036144418035
51,2.8643172909999084,3.551421857410743,0.9285102805871359,-1.5178353344209503,4.9126961314226065
52,-2.5597990396048953,3.7281694601084627,4.113013346726142,3.1755478114701923,-3.8591598344687137
53,3.541130070213317,1.6377793961080815,1.8082397476543042,2.865315770706082,-0.09462662837588276
54,-2.328427994248573,0.749321773654529,-3.913245450579125,1.7480510526096449,-0.17059065269390317
55,0.023309509295303066,-3.1417790598047644,-4.587171719944991,1.1126978458533552,1.5883094248402019
56,-0.017080475906182002,2.657312859463854,0.6371622425772099,3.481960168372142,-2.1188140508664786
57,-2.5689166909688455,-2.3885466660316244,-4.694815247366679,4.006240725048469,4.991865652470032
58,3.165225494036516,-0.87403906510096,-1.4606644388883594,2.746825678678678,0.09945108952221204
59,4.394578497880403,-2.204203545679623,-1.761820135694082,4.988249107152686,4.781747639356475
60,3.8519175515735,-0.9537131237988437,3.3761273502674243,-2.1660679677576966,-2.4524532924635425
61,0.46437658164945006,3.6026289317755733,-4.0252679095984885,0.6530588758373241,1.0973835687307743
62,0.7979776072491394,-2.8150272594236956,-4.358708552468627,3.9499187732198457,0.7451240518634279
63,2.679044332055243,-1.3556299870182031,-4.574977299864992,-2.4043469081492654,-4.266343406194598
64,-4.217587495187315,-2.855406551718822,1.3357813427497343,3.177709189699904,3.2135703092730257
65,4.377565289346528,1.5638159701429055,-4.80139058414411,-1.2259756488568763,-3.8853955312570942
66,2.7746474721981578,-3.8031089565700738,-3.9407754542455944,-4.717913683660392,4.555027819911947
67,2.8571005730308627,-1.6668918231295704,-1.235606632022975,-4.405715712877769,-3.420830739732322
68,-1.8854862617973,-1.1213201126730277,1.1997641367025027,-1.4966764961203003,4.546005138342144
69,-1.5720579001562571,4.415953599678934,2.29859691892257,3.9989754082234157,2.031571849269996
70,0.6858403702141489,0.09082783908251812,-2.0866182828662705,-2.0182601356560905,-2.767941559965722
71,-1.1445917107852779,-3.730269919156295,-1.1239493453040117,3.337437469524641,3.702922862278692
72,1.4283037292360312,-2.4319019944690003,-2.59650521476423,-2.220710956706987,0.0003922602061434688
73,4.764444789914316,-3.908155130316624,0.005120944317961396,1.8224436143244906,-2.54339099744279
74,4.691122762696407,-1.5097827117210514,4.3235561154900335,0.9735543033077532,-4.959205673261752
75,-1.888878619003723,-4.7845135527804015,-1.1852426995375263,4.32534031460067,2.79017020362454
76,1.2013213080066745,0.38552043930385693,-1.274180768112906,-2.8846029686926866,-4.374750821864515
77,-3.0985333327510722,-1.4847991726925547,0.1999111662956734,-2.955961043321431,4.743285905684077
78,-4.231498532937095,-4.0520819639493935,1.8260236192032462,2.5506157829723417,4.724514690624384
79,0.3044422147383843,-3.340660717377183,4.379289547711917,4.802343934087817,4.235139076808348
80,3.7165617850478796,-4.2242589541574525,3.5487311577477634,4.532268990066884,0.5231447784290353
81,2.725878139646648,1.608956406414431,-2.119418768513249,0.8751980936555199,3.8937345176770677
82,-0.03614719440908587,0.9014534283655449,0.31463724973771967,-2.175951226957722,1.4366310845868
83,0.09470036453603292,-2.674540052232496,3.9537815231965237,4.500457939359578,-4.446273447182245
84,1.2234875680061315,-0.8495430975480449,0.2595431029162416,-1.2617027422502125,-0.25641516412048393
85,-1.7656606619034774,-3.8239672210419973,-1.9796736337565313,1.7033226366579353,-4.496184774680161
86,-1.172676138660905,-4.577008329717981,-1.437337314608751,-4.123883084902829,-1.6035990265270081
87,3.3808769466177964,1.1340870153501648,1.8229442429331204,0.038001277265934164,4.223817013865649
88,0.4115863820386245,-3.9570591186627957,4.331030606290469,-3.6693663206519322,4.9917034181308075
89,-0.6461573818419524,-4.2651453291468036,3.64102105457129,-4.071170985035161,-3.2556767898818775
90,-0.8265294796556741,1.761862709781572,-3.788599835860842,1.2262518391020603,2.803863820031763
91,-3.765038958535123,1.4757061199179837,4.588758815252968,4.673950361425373,-3.3833739622947268
92,2.5970408656242334,3.466324347478503,3.889632380589145,-1.7631858144240198,-2.298815505339528
93,-4.521389348416436,-1.0052821912039347,-3.7604355109564924,2.862573151687969,-3.5703342813143846
94,3.1890534983622825,-3.923864385252891,-0.1938452073886774,-1.1536574197683525,1.0154378461759794
95,0.1877185664515295,0.986265261550975,-4.990363147959361,-3.7249638268025222,0.1712018475142676
96,-2.703338963133588,-4.236828453250212,-2.82298915312205,2.7985955818115373,0.41694093034972735
97,-3.099231158433912,-4.840216279739009,-1.4240440636032439,-1.42530408197582,2.3512520864391
98,4.194361814261281,-1.2798594103166527,1.8813268099323608,1.3490553758355706,-0.779197155654547
99,-4.341099195080829,-0.26535498895631804,-1.4586144437301662,0.5019438585068823,-3.746029215325708
100,2.242398029654236,2.8775043385867702,-1.1153835845691704,-3.247241391021396,1.2357801125265544
101,4.558119675738903,2.005031694297048,-3.765177660303851,-1.0277990183221863,4.153688472898079
102,1.344226176560901,-3.528478038318492,2.245921998612862,-1.4648121099996345,-0.10465607843846758
103,-0.8495343923141254,2.256966037548196,-2.8209386742346854,-1.116302202438908,2.4454571846180233
104,2.0478279367967476,-2.982557232474796,-1.4933606073709003,-4.856359752059892,0.3017251983666096
105,-2.190585977928113,-4.881340833087266,-0.7529499350789148,4.268697116782485,4.234011656621238
106,-1.2789714634925895,-0.5082211843110107,-2.573185365269003,-4.316922222759063,1.9392668278725198
107,3.0005270681643132,3.801046413603263,4.352872911329728,4.159633659042658,-4.7261657588239885
108,4.7809490827964805,-1.2049797838694811,3.86107684839795,-0.592397997478594,-0.778094889750081
109,-4.888093860438297,-4.475585526002181,1.7127906504013772,4.376406074265056,-2.755997333068091
110,-4.060809706137,-2.8614296701513062,-2.8768015343516717,-2.068643964823673,-4.052565324553439
111,-2.644732880283789,4.212748343328631,3.9021923744937066,-1.836956592790866,4.968934578551293
112,-2.0164689251844035,2.2182981907834964,1.4400882205390921,-4.3544585455327125,-1.5770315399530221
113,4.514996177937714,-4.49133066720545,-3.2511567503417393,4.709457758707197,-4.6020724015062475
114,-0.5339265166553293,4.183510389633549,4.436787885429892,4.793208915800982,-0.18678738470960532
115,-4.1352001216853385,2.727032816372329,2.089834720972563,0.7961339476980278,3.882358716285534
116,4.1157008898678065,1.8324427325357977,-3.879000527938717,-4.044748270863802,-0.9137024785373491
117,-2.072994014553453,-3.6701681557518007,1.1119082119240042,1.8352980396353633,1.9796826324495855
118,-3.2472274122928466,-1.9415619288534023,-3.0094709643530146,1.0133423117798106,0.6708143534187645
119,0.03313437094908256,-2.0394344144931873,-2.6294707320286816,3.904078322560718,-4.511460434071221
120,1.5639837888846575,-4.804230189697214,-3.061618723236985,-2.105165311370504,3.8648596926124217
121,-3.6226506642732934,4.378065554147284,3.1545630423559743,1.7904642411679177,-0.8825385379923079
122,4.0525687712311225,0.2795502980885072,-1.287924720601926,0.8562399006460817,-2.6773235062636336
123,-2.2712182278097792,4.193145080114093,2.939268415279348,0.13500729171112003,-0.8343260876822702
124,3.075699390082244,0.7063633335899322,-0.8496626644398875,0.15448791995727262,-2.6729075613701414
125,-2.980301172961499,4.890907790159227,4.695918211530502,-0.7917289099300717,0.1526153181979648
126,3.271941377821488,2.2583565508349634,-4.004507665004614,-1.25388945718794,-2.498487567685613
127,4.926301916794863,2.4870158843208774,-4.522347908502366,4.000379665991364,4.279583797989721
128,-1.6673102371330506,1.4197776189137814,1.8203899233832406,2.2954762159390176,1.935072730841915
129,0.5971800840493895,4.538439105578956,0.1237417212767955,-3.8908677177320303,-4.195745168268372
130,-4.816233807711611,-0.7207661313573084,-2.267637349179167,3.9521891534669393,3.6714785863352226
131,3.3784250215939533,3.67278117399373,-2.0239432053559145,-0.738824557703226,-1.8826194072416778
132,-4.139189468771488,4.240462935182666,1.1592626574163454,-3.674476000625102,-2.9394104334617155
133,-0.4924737248194999,-4.481059220511031,-2.2800821877197155,2.034463876712068,4.204064820297724
134,4.287314157513528,0.20029083450899687,-1.87844745155879,4.207456551240368,2.8663490620126453
135,0.871119159042629,3.3455290144797125,-0.4116963115242189,-3.8780516529837294,4.382381195700537
136,0.3400707703532966,1.9529055231445316,-1.0770770711820674,-3.642584776575306,-2.2811820505097624
137,-4.563273704339923,-4.1242039809154685,-2.9508088767178164,0.6101113102575075,4.928847369796996
138,3.4372330915044955,-4.141329469069581,3.4234367166248667,0.3631130814624006,1.603234674133116
139,-3.702342799043362,-1.0455977289367349,3.8412171487098874,-0.7463437095652736,-3.7288652240767926
140,-1.8892471440068057,-2.784802796320883,1.868970400946445,4.1102776438441,2.3348995803390737
141,3.4361998449256568,3.058176627498902,-4.853956969210454,-3.756297983060064,-0.766209137668806
142,-3.8791033541592226,2.3493476519141767,-4.298125684708878,-0.8375812297779595,-1.0771078938667134
143,0.4344565650372436,1.2937743877728884,4.469563702738627,-2.288152010150708,1.659844886185363
144,-4.6491521027556795,-4.989929986128713,-4.746417889231473,-0.5108824634608737,0.5501315146833079
145,-4.937883534382967,-1.035884595570228,-4.591433124364705,1.5328393323215685,1.3123203166394823
146,2.8418398811684984,0.46260868601299077,1.2294982831141388,-2.2058070683244626,-4.145461818429968
147,2.3730616197627876,1.1186333337255085,4.383318313487845,4.892258416772483,3.4728404864130358
148,4.856218595917724,1.4744629669795328,-4.080508385486351,-4.101674608343621,3.0711977418581284
149,-2.6313956410482087,-4.390117928010515,-0.27725395265094477,-1.8535414424708874,0.8814914842468582
150,1.0015103424656129,1.8150100117908323,0.7644232340581167,-1.1908195298676727,-4.763333006534012
151,4.050884681235422,-1.7307827017985868,0.0715057501085683,0.5693758566727993,-1.8514706526061717
152,-1.9151904360482086,-2.391384768089994,-2.5664665561074718,-4.696042702415269,4.579146016696168
153,0.9529605877821705,-3.9193299088353717,0.9195842067383699,-2.6775240504897093,-1.8931794871803334
154,3.011681883922744,3.8580201882161287,1.998238930655015,4.325814822634417,4.050270638610639
155,0.5117011980751602,4.0784665938970015,0.44997951180684126,-3.957260008926581,3.2945527931634366
156,-3.6879753547224006,-1.840398661567535,-1.20207203765729,3.0728594016237114,-4.16463325327178
157,-0.5505853532692297,-0.6328418893623411,0.8216023951499434,-1.4613121827379203,0.7716249816531642
158,4.858942799020253,-4.2845081460088394,3.746284567160904,-1.9137056192920863,-0.3428356377142494
159,2.4111748308231196,4.100364634472747,-4.909245164634303,1.6219227428352045,-4.30447660360422
160,0.25678519171082037,2.4976008831652585,-3.30465858684865,2.6378497632811637,-1.9046214018904353
161,1.105511309476773,1.580410387073763,1.4898072719818582,-4.814552037218599,-3.4772599225232117
162,3.562026903572029,4.398422725950423,0.6366788877845222,0.969713619213902,2.5503059005924777
163,-0.9389471367746385,-1.7198365551085262,2.682016656399302,-4.717143430350856,3.8534628812464717
164,-0.5909747520718636,0.042286149153810904,1.3427815766407045,-2.2561425166908924,0.9738749144970784
165,1.9303894685000813,-3.8206855006405513,0.20470780588484772,-1.7057986385856525,0.573577256706514
166,-4.78705712503113,2.4268035621116812,-3.315954954532857,1.8938694765484234,2.6881491215275313
167,2.5261199244382144,3.1750209458376375,-1.9225484881851562,4.671131653352923,-4.761818248659314
168,-0.1879990388511228,-2.297150616577044,2.3988044984687438,3.0522328540786887,3.2239252751782708
169,-2.0309594436530953,-2.2585946388775904,1.7693571927845664,4.281843645832081,-2.457947844139017
170,4.105996994047713,0.9146139308126653,2.379380219353708,-0.6010792849218038,3.068572216561053
171,4.704928927654134,-3.294242686103559,-1.1444057499975067,3.6245664606223382,-3.2332711911273995
172,-0.8703655655139384,-3.3388489028917254,1.4836825875744273,-2.6168084780056744,-1.191978946023986
173,-0.08866341746332473,-2.028711213413178,1.7990093042662645,-3.8875054571160406,3.798007647212213
174,-0.18659543513281118,0.7281413398535106,1.2212967758045323,-4.403179523177104,2.5699075553343764
175,4.459418542034285,0.1990796355944191,-1.091312909730009,2.847958501115188,2.20352958386703
176,1.5097579636322198,4.653514244191374,0.8177442191754754,-2.516242560799361,-4.7523395206777455
177,-0.46537970118202576,1.5232355717179038,-3.278608615059807,-4.7423626196565385,4.090894552717
178,-1.9805257216389083,-0.33950565552934187,-4.089290838096638,-1.183866946482841,-0.7622669700242195
179,4.027445370153023,3.654574783833951,-3.1099795869003333,0.5606222666569005,2.3124780412713157
180,-2.081494339661749,-1.055670162218103,4.848812878929905,2.5973213573394656,-0.6281993726164457
181,0.340817035331753,1.2578235475623174,-0.011594450114898791,-0.8837996788948921,-1.406502898403057
182,-3.3101836584841635,4.7362112680661355,-4.085872957617166,1.0102239223052587,4.596024446316756
183,-1.250683829366869,-2.4757865028832726,4.555229798110487,3.0173933279545757,1.5502503536388819
184,1.1198842701177139,-1.3987387800583848,1.4131929822102753,2.250254232538752,-4.682690234438647
185,-3.8230995873760723,-1.848895785613005,-1.7687158305367454,4.005159344786639,1.8450539884991768
186,-1.2649551818805618,3.092021526890491,-1.76805128528963,4.907561499491029,2.8161980818192625
187,3.0839002816150742,-2.3902746023474553,-3.5496617509240327,-1.1046095268184453,-1.6576424951073787
188,2.6983214008710297,-3.257118802203406,0.27466285053777284,1.2819329982192285,-1.1483451412103571
189,-2.99392687107484,3.9566679990252496,-3.611599542837156,-1.9619562601496443,2.5656737932521505
190,1.0531153031200748,2.3064554920281317,3.0876663078975426,3.953928874693764,-1.9543498459491468
191,-0.256948397112029,1.8831014362913674,2.9474566380861447,0.7781676389294887,0.13748177956652619
192,1.9176354558498705,-1.179710090662116,3.937042961656017,-2.877810644800717,3.8400420998781684
193,1.4361669977306697,1.0065845433133287,-0.3004513655131449,-3.45253957305966,3.6493414037028167
194,-4.4746604160029175,-2.300343330523358,-3.902932530286416,-3.9316468809885663,-1.0957723479757462
195,-3.3957430652134137,0.8138578605476274,1.2715893963977143,3.8209372741712126,-2.003320734599856
196,-1.908216165957144,-2.536312751793255,2.8181033195156537,-0.7193991981344166,0.5242201335249259
197,-1.253824887261139,-3.431870705267092,-3.974702911789607,3.6827346632330116,-2.345183183420504
198,4.416199155510569,4.472934412799528,-0.21078442827041677,4.585882265352399,-4.715127836429201
199,-4.0834942025458805,-2.5669032005178716,-2.9080659835599674,-2.473621547601769,-0.4770566956072315
200,-4.370786466691151,0.5538828369834814,-1.9054577492273648,-4.2845246785491415,2.5320926890574045
201,1.5342976926213066,2.934300649663961,4.392339583464484,0.8576524385208231,2.8671600235336916
202,-3.00817291621136,-0.8963304422485949,0.3007098749561363,0.4121380600405864,2.1833731344717835
203,2.959410256821241,1.6685292679401602,-4.527545106513504,-1.4878323787860346,0.724390204476359
204,0.07869460057118438,-4.552030324845679,4.806365690528798,4.561055272406506,2.737617925541624
205,-4.446467603718247,-0.6979216449254046,-0.9023044723116049,0.5802601712478062,-4.440715421341949
206,-0.7634335400162282,2.5783931699764455,4.980079495674884,0.9544321414695345,4.406123112380062
207,4.98538481186297,-0.6521807208330985,1.6869043144669673,-2.867848784005286,-0.24353556238366192
208,-4.215884569963102,-4.708502214935825,3.929193350046786,3.584003316245738,-1.8793534174222257
209,-0.43046956289933114,-0.0638969586778586,0.20701123206815275,-3.6542899549518584,2.7505876170074988
210,-1.5218430744476263,-4.683048187700573,1.7656152266984808,3.298774961002545,4.181267867068485
211,1.7440532063711958,-3.0872098289415972,0.8978053144005314,4.117619831612092,-1.4943990236683824
212,4.533507217739411,-4.0232092827521075,2.28052743905545,-3.8008882750293305,2.9887530290515576
213,-4.0234433615422835,-1.7427495993512219,2.7686171421380443,-0.3980672922565285,3.8268647101438606
214,-0.9826213794257423,4.949581202885508,-4.8132520693968015,1.9606220608428764,4.158876278586781
215,0.35986473012518516,4.885092387276465,2.0802450127093683,-0.7047370580991998,0.15377377769640344
216,3.7746956165601446,4.575834982741538,0.5588627239715489,-1.9284975441359418,-2.6067489839884974
217,-0.22951790299527897,-2.03661433345776,-0.7916327627372652,3.344668050654933,-0.2801241412043698
218,1.4087889005615128,-4.09893161427255,2.6212722970160307,-0.17095757377084908,-1.390574620303057
219,1.1098942842723423,-3.9801420742594438,-0.8600134757283904,3.1097243101914334,-2.37935947358808
220,4.140961360952321,1.0364359944989863,0.40783650779623226,-1.0042899928502114,2.419994448088949
221,0.6446766050020161,2.965422761796548,-1.6832108179526672,2.020144195069385,4.434426731373682
222,-2.2008120272942944,4.810016763629877,-0.8947274646528038,-4.614676522977398,-1.4229880766958356
223,-3.5035767935752773,-1.9571462570799705,-4.040303826595842,-3.2179639449336337,-3.7330104575721093
224,-4.565237080455429,-2.0381362721446896,4.409600245846569,4.493932714560271,3.466464964769669
225,-4.878594775377677,-4.718765305820838,-4.896425686291787,-1.3335991449385567,4.80257961487121
226,3.9683781485811824,-2.4946493988581597,-0.898051341410742,3.244283640865266,2.5858351187110706
227,-3.6738196326507175,-3.9222312547032336,0.4372052841287708,-3.978881815201294,3.250186725207193
228,-2.4667341028922007,-3.1167024140773525,-3.1432851326567732,-4.5476847469884305,1.4183481965089095
229,-3.3550397196117974,-2.666620222727456,2.513060364953663,-4.425187445872765,-2.9725488732812533
230,-3.506514796950647,-4.951509867904441,0.39342148510720154,-3.0996600110653674,1.3290650378570144
231,0.017795644637211616,1.6787805274987466,4.815643392927399,-2.8012594937089705,1.6587714492604082
232,3.3361087236790965,4.573862278800831,1.2233433598164103,-3.6916597899224546,-4.46152094090089
233,-2.2148686107553015,4.281573024118416,0.36931829283810647,0.7930553863485832,1.1060252846657974
234,-1.6778474979311744,-3.1840911383414374,4.5424169316271605,2.5538507302280813,0.11050122278942354
235,-1.2329483035787012,-0.17227724256457932,-4.663348034989175,-2.5250649293488148,-2.4929399421880873
236,-0.5465265997659916,-2.6373079043597425,-3.1454284191586304,2.655277574406779,3.9350541548881797
237,-4.328600404551796,-2.9034618297301638,2.736868055394895,3.1583478963581832,0.001601020831310862
238,1.9488280707194967,-4.22399693010053,3.49528729488185,3.3272875641890796,1.9340204706670665
239,4.163269735102951,-4.523657365511815,-2.6903649547219253,-1.3745463894346575,-3.41411125917378
240,3.1482766134947866,2.5719322301773495,2.7325243446430463,-2.087065272918418,2.6268630906887935
241,-3.769426057364652,-3.9319951518725427,0.8405736684892684,-4.513313412382002,4.386505936074705
242,-1.7115359446299285,-0.22967393018115434,3.1322923617328335,-0.9994713555896855,-0.6935467128114485
243,-1.5205602980234199,-1.4827655693902675,-0.32044686164980973,4.459285523714577,4.360181205887649
244,0.45161661308899426,-0.4404020200495129,3.0816115256860304,1.809291569366148,3.815634021211409
245,2.306118412886762,4.523443218306525,3.8624574063696304,3.5524917816967356,-1.0845187018298983
246,-1.1378766331108547,2.412028398422075,-4.162509937522216,-1.7778554536890887,4.322238378405713
247,-0.4989877420124609,-2.3010175082586115,-0.2354779818265742,-2.114103892351663,2.6826089212540403
248,3.5060508691438628,2.8265824729511104,-3.509529432440285,-1.6394283433766352,-2.8602898000688546
249,-4.57200881193415,2.391754246755987,-0.7164041857709647,-2.233769113520192,-1.924724918084114
250,-3.649835362892304,3.2676063342291,-3.5607551416131065,-1.6168371260244765,-4.926120656625564
251,-0.6358846975193515,-1.4519943023711113,2.1910200696985385,2.1531363174749583,-4.613687680539572
252,-3.8413607851209863,4.046260066345376,2.9179833078362636,-1.1051510776432516,-3.3362551625682366
253,-2.392187131744836,1.5802668348827398,4.45492986171422,1.1573808304137776,-4.735543981515677
254,1.5071812712070045,4.447516429014483,-1.4135898784665448,4.3355567898491625,1.706198252166966
255,-3.1016451736219586,-3.5469441289397583,-3.237004013087006,1.9922457453084093,0.8952128628938194
256,-0.4445642900348732,-2.366452716179209,4.072312079911317,-2.8625650476705267,-2.1639378214401086
257,-4.450818533464375,-2.246746961192514,4.228976767154043,-3.1239597674450015,-2.9603712538228475
258,0.9997739645679093,0.6695349052743627,-3.240414463692345,-3.4573513107069864,-3.8302303663202086
259,3.6108548151228455,1.5443522100386806,4.534456718542332,-3.3416648049490796,-0.3939637411829988
260,2.430463946520506,-2.8645167875509947,1.8467674326264945,-0.2619664324053499,-0.6917119833502543
261,1.4499764453951505,-0.3230554494730775,3.20012999202182,4.305213674672148,0.888587314439917
262,-1.9940549889805936,2.772221840696549,-3.2951025425343228,-4.050091717295812,0.18731515053893677
263,1.4673583373848835,3.3499797056729506,4.552124051890724,3.733380858609854,4.88699573546163
264,-0.24300000675440447,-1.8346238168212095,-0.402937213303856,1.4413050024088125,0.07256609540449155
265,1.341198218651832,3.8672262418383934,-3.341881337079089,-3.7973598455071067,-0.014811870804908978
266,4.81768117596728,-4.409564987981975,4.865573049877323,4.677066147047938,-2.07400485854377
267,3.9100379631322557,-4.922414163145637,-0.45938853969243887,-0.9787650876271314,4.026580067794983
268,-0.2770382408055436,-0.8206124651110356,1.3959461037323688,-1.2420081144400186,0.36559567769501555
269,4.555665751697674,-2.973826911915758,-0.41087201358829706,-4.846226656529849,3.4223708157447135
270,-4.079826388949109,-4.052376550222686,3.828393781189078,-0.9070397147399536,1.87295447284305
271,3.578463702260553,-1.255224454743881,-2.3845254419713378,-3.3048200660465845,1.0711941300167913
272,-2.477275486831665,1.3428798582136139,-1.8285783458845426,-1.522232107249991,-2.508856007294428
273,-0.8153179305595035,-3.3787007791328216,-1.8029337247759027,2.7788017532493114,-2.8438110837089168
274,4.47113217656441,-0.07078220506386312,-3.9307995356523815,4.4306121199125865,-0.43321734605827444
275,0.5696519243324367,-3.1480522542748233,-1.6669101212161275,2.036380354010144,-3.760306044878422
276,0.7045884934273943,1.9352276620414788,-4.9816335974118156,3.3757643118615537,-4.436667040755291
277,-2.530798087964347,4.635448982897168,-4.189592036554029,3.2594055949646688,1.5199828964991502
278,0.9837862332499689,0.8168244119252623,-3.3354140162009784,1.6882200609389297,4.516317437599977
279,-4.229654945722553,-1.6758746901656574,-0.27748304982099814,-2.677088236308769,2.408912408179333
280,1.8862284325090997,-3.8222288196713072,0.6946240765438745,-1.311270232977022,-2.7161803162607168
281,3.4829365013712383,-4.453259944038055,-0.32609721418410054,-0.24688437534086916,0.7012239735751633
282,-3.024058035059852,3.7120107574471177,4.653026636972848,0.4895489200487724,-2.4387463869735484
283,3.768264339430827,4.881728992282802,2.418794817471773,-1.6629552644025338,-2.6397970682750085
284,-3.433809670304404,-2.650609544949032,-2.7265022717021714,4.674188675487333,1.432383953782458
285,-3.3302452940526828,-0.11958740599632733,-3.1536418372677986,1.060168011369976,-1.5859379580278077
286,-3.0440732893341096,-2.5720901197336,1.7509868817526701,-0.9196432101048426,0.13158983319995432
287,3.2133889872805526,1.5542140263091078,-0.37586437885373414,4.540568050908988,-2.8549490355969276
288,-2.1100800747548334,4.114314507511201,3.5322524219151923,-3.699425980737432,4.29947110545343
289,-4.898312755803111,3.2242087844786766,-2.2119758118819908,-3.113430028208095,-0.5129036981015282
290,3.9708289220395585,2.858978729248598,4.670688340269379,0.4099883298974314,0.10559946083560945
291,-4.869680083760103,-3.193924170984702,-0.023797042808158864,2.525670453214551,3.2260257802077668
292,-2.1673365908318543,2.1245724232443317,3.285294404501119,-1.2519558567530176,1.9555586270882417
293,-0.6271886264146866,4.856522473721611,-4.933324548487297,-0.856549603605611,-2.3628359712042366
294,3.4973655322161665,-2.1287416687702745,0.4384547357804802,2.4026944819726097,-0.027697260337036234
295,-0.895974503142277,-4.574819950436889,-4.770678312453183,4.573221950570389,1.4324405750021816
296,3.2525379830926955,-0.19561617775156392,-2.3841900382905123,-2.054622202401001,-4.565083814940732
297,2.9088351632854845,0.8157078069838555,-0.1919822311157171,3.5229704466788565,-0.5515497237291731
298,4.4793014983433785,-4.8676347061753935,4.846163611621998,3.158835324473067,-1.4506079782421653
299,0.9536356011858205,3.6460501215525323,-0.18401646919524417,-4.489502880118455,4.036960822088927
300,0.17016246877555652,0.45157241201541254,-4.862818233013098,-3.999339300564987,2.7739784553202105
301,-0.6505065132521848,4.980583128779642,1.9567767571330466,4.496011443909158,-2.206478722297308
302,-3.2384643494803456,-1.23410574519463,-2.352314544951194,1.1336568054040628,2.444420462105642
303,-0.9790248705766729,-4.1015397316668,-4.736680385360325,-2.819722931051416,2.324874359053992
304,-2.784475866951859,4.109742621916883,1.5164350928962254,3.620896371661148,-1.141852751914958
305,4.835498625230519,1.794984109053237,-1.4304012449360681,-2.8746086716006856,3.665313313089717
306,-1.819017241245838,-4.556357574467398,-2.213412872587701,-3.2054863003753367,-1.8026878402401092
307,1.1326617962424734,0.004318874387497118,2.1085038234230637,-1.6616786136324202,-3.8019158021003707
308,-3.3973222906530953,2.9728276476462225,-4.02009342319435,2.9812621768643988,-2.8737064951901967
309,1.784046180265694,1.230962887319266,-4.017395632395587,1.6586350208384388,-0.5249250792518501
310,2.0716193628113064,3.354738685772972,-4.605006307946519,1.4796283187843864,-3.9504217239621897
311,-1.2112442560316818,-4.873214939726981,-1.7135618861990478,-3.3064515071044145,0.562642948467035
312,0.12271486135036458,2.9327442030378386,1.3996131349749934,2.14625883420646,-4.07519922448786
313,-4.7223517291297,4.6954153965010725,-0.7296759149157808,-1.0502563132058826,-4.649875892748413
314,-3.8108919382331763,4.404739275609263,1.9484506596701658,-0.9078795042765044,4.044841327282832
315,0.8989284385180332,2.4646804858548688,-0.6840043591066083,-0.6847193376651468,-4.316495002164645
316,2.339732691696568,-4.008825965395885,2.642673882276389,-3.091419121177373,-2.5263274832115314
317,4.178897556049725,-0.2843233551855757,-3.747574737951979,4.050815495195867,-0.47602980778850945
318,-3.6944867135453983,-1.091770284676905,0.8932925305663018,-1.3765797078663002,4.243265581611347
319,-2.303161762872483,-3.24174584451229,-2.7904882836244562,-4.162500534005028,-0.4770386584116917
320,3.7833392797469223,-1.9466039452127348,-2.4166238150550723,3.373846642474666,-1.94005144569069
321,-0.23108020444977928,-4.6876190303197305,-2.1292825144612504,-3.694400299401753,-3.941538880274961
322,-0.6858260068038131,-2.2266761008794713,-3.3355323590007857,0.1148527027028372,2.840439829445484
323,2.348591499546167,-2.4923706761738504,-2.368653531609277,2.3190181425860636,0.5716852653565399
324,2.4241649462679025,-4.986346351610475,-4.128618801380329,3.0197006462541545,3.5111879077588632
325,-1.5655982175821501,4.583348589572813,-1.984305673785447,3.9028324018547043,-0.7829091509355965
326,0.6180865841855887,1.4327226933158848,-3.6689172229334908,-4.628885980399576,-0.7319971255983653
327,-3.3964347657668026,0.4893381647836703,-0.4635805042073793,-3.779023770985104,1.6578504694502074
328,-4.795052112795162,-3.736166933295153,2.001642208446736,0.2785541978645423,-2.180670321790715
329,-3.197538693361314,1.4228373022556653,-2.9440333500311877,4.846110797465622,3.6931122084219385
330,-3.678420501824222,3.5915256294388165,-1.5495721829200848,-0.10018179788259918,-3.5717570484763304
331,-3.8142775869486814,3.654929660622834,1.2990224103369874,-0.39538989983220496,-4.638361436265045
332,4.219619872428391,-1.2391177286737087,-0.833508294028845,-2.101904706087969,3.912900198940818
333,-1.5541523128214374,-3.257506921411868,0.005571949244447261,2.8149265930611955,-1.2866152365521177
334,1.5204614287637366,-1.9577569689271423,2.197623099699465,1.6872387358341943,1.8075480142260982
335,1.4590764259402516,-3.436876668091017,3.8799098467490847,0.8575273300620676,-1.176129399786292
336,-3.276647016475469,2.8358109998958456,0.09048293426021736,-3.527069189332509,4.214208557319118
337,-3.9391756919655285,0.24221195439103038,1.1058139679019785,4.989845951471732,-3.5908429023749333
338,1.1356019725864268,-0.2328420552064241,-2.4288541562376578,4.422101698555647,2.908436830618024
339,2.7705778592291015,3.9918604532214896,2.2504406257697056,0.06739460966378097,-1.0846349498004724
340,2.041335269634361,1.0281180275177526,0.42876476686957243,0.8905715024538576,1.553475926194273
341,4.687041926920575,2.5315806159519045,-3.2356731163232153,-0.3323122213433578,1.7824167593245077
342,-3.243460658696533,4.327065651444226,-4.229747054820722,1.1098320912592063,4.759353468498945
343,2.278682932672284,1.772581743159332,4.974204042010832,2.917974280536516,4.702934319459647
344,1.9889222629143912,1.6545877426749334,2.625674778251204,-3.1124599675062905,3.0578499201841787
345,4.70140328898535,1.1164327475630431,-4.8764465700651085,-4.279076081551074,-2.6529277763954595
346,-0.0890233679569441,-0.8624417680213723,4.792120005390855,4.45587655117807,-1.0727751036008737
347,2.94316479276838,1.363633487338813,-2.568643207876079,4.311772559096626,-2.4048243041974606
348,3.703433953781154,1.37640729971665,1.2112710905833683,3.384099927660099,-0.05689794765426992
349,3.53373949469629,0.5022846139178361,4.846478615559599,1.5993005407290548,-1.259394250808258
350,2.6336397732890564,0.0989729996093045,3.0602499842562185,3.334626668602832,1.1691319130290196
351,3.721884263109887,-0.9657297595111478,-4.426229886461151,1.6264817545820618,2.644518062296691
352,-4.271984861106192,2.709097418802177,1.3916169454392318,-3.835887542160582,0.39940133626007146
353,-3.9125789559347424,-1.7838125027269882,3.0398492624052285,-3.992109683068512,-0.4061218889595777
354,1.0571300208289367,4.405114479027446,2.372654780679241,-3.607528263257942,4.688685330393726
355,-0.2204235880976677,-1.3028261143124853,-3.71288793124691,4.334822582810485,0.862059353395086
356,4.8798752560576535,-3.2613412471260936,0.45835578517828246,-3.901138023167964,0.24275826827208302
357,3.8979182389229425,-3.9067914801334878,-2.303511925578583,1.8240191220653044,-4.237129639199775
358,-0.46015075525484317,-1.669383723023543,3.381481937640359,-4.509240068837955,3.6339546774377
359,2.036320361943358,-2.028094722406615,-3.0223146550650615,4.501763379053765,0.5390798330861202
360,-1.552223764316636,-4.555314944808861,-3.3421574951118025,0.981650150625061,0.13109596854389594
361,2.5761011655954693,3.348375730387321,-1.0282519734801863,-3.9907008417357126,2.9152976007145934
362,0.5374010032964307,4.797918884389663,2.963499162127846,-1.7092727838889732,-0.7150986434875755
363,-2.6442402654197252,0.11998497035831779,2.107249600063179,1.124887597627473,-1.5791653726626564
364,3.232999077257439,-3.9494124330000178,-3.574453070018373,-0.9584043322674578,2.02243313691413
365,1.941856780972648,-1.3347655728364218,1.9660790444918703,-4.394142247472692,-2.099780501751396
366,1.937733132741121,-3.1595859895810277,-2.8728797139154336,-4.131173810651839,-1.3552898385660228
367,3.249272405931732,3.3635912382271886,3.6236253280083446,-4.632959705111185,4.934887058866039
368,0.026412389546669246,3.727270303317354,4.051146347072299,0.14498239899429066,-4.489102489841448
369,0.9746976641415293,-1.6590654564872596,-2.932333274907072,-3.1749898175817637,0.5926422815215862
370,-3.955251828277696,3.2164455413242976,-2.7270664912500764,0.4929085031994509,-3.7453979163379483
371,3.5962919647978033,1.9208738128960263,-2.9347812262304385,2.1574075680024682,-4.170998664661234
372,2.7221668145394826,-0.09653221659158007,-3.798163342872405,0.5047825686561245,-2.991336952608971
373,1.7277268141842272,2.0861961120744352,2.608400536602561,3.948704979515904,1.5493952814956575
374,-0.08230888812100545,3.5422563626423713,3.9984407481255815,2.8175337890581567,4.424281873099446
375,4.79433944540596,-2.4868823746631277,-3.163052586026863,-0.514076383121596,4.969267212393792
376,-4.115266482341853,2.119940046605315,3.5083564702096197,4.964476449100404,1.197124717248938
377,-1.199055544644212,-3.335062164061582,4.81762069225106,4.242032531848039,3.045188242877641
378,4.4377467561037065,-4.3914559275201706,1.3149284447244263,-2.25203703497197,2.6559206431258895
379,-4.042833755506417,-2.4128003124736432,3.5025204460267574,2.4944693197239323,4.92022027021183
380,1.4398355067183424,-1.9692478730443752,0.47883544538105305,4.4396640727459875,1.517635647014556
381,3.8149889790359115,-4.771130987698099,-1.3044902381701795,4.353072098979855,-4.6071039820669055
382,0.19101472200111136,-1.5347048073138292,1.4620418855792794,-3.377772124966403,1.5330033146313493
383,4.918415315546392,-2.2883630904596286,-0.38572053875212653,-4.703007855703549,-0.6595127757475714
384,-0.9400753560499204,0.6470721606859184,-2.4322943724146384,-1.7134589918205934,1.0989668874649814
385,4.084748660637423,-2.6480185066640107,1.7745820681431637,0.23883416109456235,-3.9539083729786073
386,0.6543326845210835,2.0880797515128453,0.982538927023807,-3.9558578587019078,3.5453958404371164
387,-4.589964040104339,-2.6399531468330295,1.1570967908640215,-2.819873520671954,-3.982012593414024
388,0.11918265657807847,2.2246015082736923,-0.8924486733728809,1.9846103802391912,3.606541833177772
389,4.5879664083957294,-2.6673511026724093,1.053611129876023,-2.33126017754105,3.7091851678087195
390,3.9028786808340783,-1.7783907993030237,1.4534324632528683,3.8767536817590127,0.08363633254051628
391,2.20470643386749,3.0085550379239017,3.7189609603681557,0.15207586525862204,4.418243745161728
392,1.28953234681068,-3.4827243783912176,1.12456755928127,-2.0152615561621623,-1.279146572610891
393,3.0885952353772783,4.73347468707367,3.698539473015348,-1.741963826265731,-0.46341189116431103
394,4.834977466992285,4.235308825752993,4.769489451079201,-0.6708251495997004,3.005632698408899
395,3.712172573410017,-4.557366478527242,-2.3391223664573326,3.8348393805945307,-1.1125751324738573
396,-2.213779215353985,-2.2730850694114024,-1.2459502621508434,-2.560371804735354,-4.966366876417478
397,-3.274048525670934,3.8257505465432367,-4.243514026684884,-0.8699795987874284,-0.4351214583444545
398,2.7815396379238972,-2.4741002250818243,-1.90358211642386,-4.857240421159482,4.028306150142225
399,1.8555693932269346,-2.371537712387454,3.8751494663661585,-4.134185245565689,-1.3160434505274021
400,0.6359753467037565,0.05511668761839772,1.5490754803470086,-2.0240495748693,2.578414626493874
401,-0.945538175704284,-3.747028063070262,2.404014479305676,4.1194298131299,-1.3557552250531026
402,0.8965282382208342,1.8782452807152303,3.315235222221979,-3.0200649271097713,0.6997835880114707
403,2.4036339803992828,-3.0087382630647506,-0.2751852827089838,-0.3563791153116025,3.393452555891928
404,2.773064004522209,-2.6807350467398248,-2.670473273309284,2.233541294033399,2.396124813985364
405,-3.2110012760062103,-0.8881960961130231,3.257708623510064,-4.205793461456122,-1.2610543721467984
406,1.445410319383181,2.710867921869764,1.5265788891319474,-1.0247922698425302,4.919510967319315
407,-4.584676415795268,-0.052441372536783604,0.10055015962695091,-2.6020882620459016,0.5870741262969013
408,-2.799425928278565,-0.565879336175402,-0.6836572629531998,2.731223562370481,4.425918858206922
409,-2.9715674231884392,4.9151728083875845,4.403164600730602,-3.87346799836199,4.1236603565630165
410,0.6457792965056477,3.7895640746659875,4.456352167154929,3.589072024723377,-0.9712241324630693
411,1.3675919346955219,-0.3522968095345185,-1.3355208741369018,-2.492900527585742,-0.5849206901300494
412,3.0597192525327284,3.4402269508243464,4.580055190877754,-2.093833475556599,1.5039750540401933
413,1.937789481373989,-3.0866766596675044,-1.3311808707588613,-1.5774314326798047,4.859099947402473
414,4.583785631215685,3.217678998449596,-0.27164044704410895,-2.3592818618355462,4.159642424871613
415,-2.3195639791536857,0.21943018158822625,-2.549274774234366,4.712578926248671,-4.582383918729651
416,-3.256501817588542,2.6504923924025157,-3.485547132177287,4.793495436691186,-1.7864768519198861
417,4.186461600582234,1.6227830124829312,1.3411748924895281,4.1537244886604725,0.13279332252327603
418,-0.9922196911199235,-2.8237724459406763,-3.554638054895701,2.91768814469655,-3.7206167467997586
419,-1.0598244775718935,-0.9078317038044332,1.644993783527191,-2.2148549280810825,3.382289382098019
420,-2.925158478389389,2.8914865493272597,3.4975917442147537,-3.068193597594645,3.094158340268505
421,2.13740148203268,3.7437790513213027,0.09968317187533327,-2.661434921287259,4.120397367289444
422,2.9004361690835934,-4.790146281015236,4.394135862944825,4.485252586494328,-1.4469586922348632
423,-4.89981742725751,0.5253732121005523,4.136757730943517,-3.7555971640288908,0.9050968725772188
424,2.317692802096527,-3.6531013947612467,0.13273409651453605,-4.11195726164868,0.5812617373399558
425,-0.5788439159091752,-2.353019766956479,3.530805391802172,-1.182105229758105,1.9981707813808374
426,2.9068266790868798,-3.213720995812163,-3.808864971263489,-4.921648268871398,-1.9419211080040135
427,3.15955682417861,2.727658286860162,3.7180594109739786,2.6060020324662814,-4.760084265449381
428,-1.1448236105795253,-4.940727730681187,-4.639489861620685,-0.21441269550868913,-1.399944561887411
429,0.5852350923306746,-4.33839058875032,0.8830011513967957,-4.349976312016228,-0.7631579475771852
430,-1.4764237100044153,-2.7605205873925276,-1.8802873225661019,-4.994758959295193,-1.7590645650709078
431,-4.215916577637402,4.2130217274814115,-4.25667119953154,4.5310588771567435,-0.08573665256536245
432,0.1317315529329255,2.8812573868112636,1.953797125684523,-2.629388771108042,-4.745336509559372
433,2.7844920915466664,-3.702572007759277,0.9836922852353673,4.42631773937779,0.49443489892199377
434,-2.1442674142222353,-3.2119787768599672,-4.730500891317697,1.232449421369398,0.5799906901136245
435,-0.3827408458864925,-3.062285709324989,-2.6336813336444918,4.585290030197319,-4.795959116504653
436,-1.3656533503718227,-4.611874950095584,-3.0843066085353454,4.331362867608149,-3.504372236673966
437,1.0078530845296179,-1.5305492616529346,1.3304812234345746,3.5214285853914173,-2.1345558962612046
438,-4.213768678655261,-2.95820108636782,-0.6090978652645864,0.15063862049679067,4.418952720779771
439,-4.838980216713131,2.576270731099868,-4.274902641513191,-4.220778946729605,1.541322917798059
440,4.089325566760174,-2.123036658548496,-2.306938210845683,1.1771182378593945,2.7628083086356554
441,3.689591197249948,-2.5029385141502027,2.4019917910108006,-1.9278790950586746,0.4481192029022534
442,-3.09147528705916,-3.5399797591692628,4.3530355013383755,0.47199250404561166,-4.954104530069447
443,2.934365441146279,1.9087013203135879,-1.7411719542250346,-0.360357175076766,-0.5012050268738424
444,-2.2523030479147543,4.8055704009734495,0.4388508272988867,3.9727944095266903,0.853553856617431
445,1.9018312356850569,-4.7045755652291295,0.1181854939438729,2.2127678288823915,-3.7813696176196796
446,1.7832496253485175,-4.15727773066667,3.070229178088347,4.77783840176275,1.2673460117925277
447,-4.229221072168091,0.8675344949843105,2.4086307979758237,4.330959962247755,-4.5454130819477925
448,2.7504230881273086,-3.6741829309642515,2.905863772293107,3.88710285872585,3.612428314330243
449,1.5287315745739,0.007656288003104805,3.7458671240072086,0.19071260253617162,-3.0988887202250814
450,4.428330321042349,-1.2670934012308663,1.2434902815843474,-3.0085419200580974,-3.89460364008439
451,0.5103845021878222,0.5459454983353407,-1.3025766049880252,-1.8826146735828173,-1.2582651246506504
452,2.9514559986250166,-1.4226520807476684,4.2137267365516955,-3.870375322089198,4.315762948059138
453,1.895480055380526,-1.556490745125898,-4.931447767236737,3.0243162201143434,4.693274629715809
454,4.824393609129366,-0.7659478976315048,-4.294956044630461,-1.8624621425775665,-1.9025976998656793
455,-3.976187580566035,0.24716597566574627,1.045784784843784,2.288190783055959,-4.489862554343798
456,-2.246026702141797,-1.4479649772725391,3.9224135967275195,4.013920115386014,-2.400281358804431
457,-0.12668942602933608,-0.7524363690166318,0.26707577129491966,-2.138852150524845,-0.3707835256283465
458,-3.5462959075283518,2.0955044934630562,-1.3025952954613729,0.4241669293359216,1.0460121750271059
459,3.365256962277771,-4.182406316499396,-0.17259850547861433,3.940720803034152,-1.7020249050267244
460,-0.5547382788946766,-4.149256083108794,2.5067334655840163,-4.149784237007308,1.3097805570454515
461,-1.257548933150876,-1.6184048196883918,0.8550369358007712,0.6766923570842263,-0.9454702167427254
462,-2.2165543215551455,0.08168760018412247,-2.328974005909792,-3.97358671732721,2.9915244730291217
463,2.0230991119913764,-4.156490372700246,-3.3739439625332937,-3.9983332049854092,2.9071022519949254
464,2.728708631148434,-0.9196537989012699,3.21400788476733,4.739589068041292,4.704670822542319
465,4.808574713461935,3.4638467989078308,-2.830120355010699,-4.425819734032428,3.1165987561758364
466,-1.9145625205374084,-1.6224623236546378,-4.270044007728705,2.147113344716919,-0.6924260692291062
467,-2.957344957886796,1.524609638269185,4.798840619967645,-0.015996886471864258,1.0637019795119826
468,-3.371426469116794,-3.3904271566740363,-0.41758581086212576,3.4476036379742947,4.091500212508558
469,1.4175168218597207,-1.3948027914573546,2.500392962591053,-2.080596000556328,-2.8044691573604474
470,2.9542754739588952,2.51318009698282,3.8210538676939763,0.7648391105237904,3.9671458305302494
471,-4.735216358742182,-2.4628414899995708,3.044545326774241,-0.7634180671367972,-2.6061094505879434
472,2.961390745622716,3.222677220940822,-0.437434196542017,-0.3340645562594382,2.809362341997911
473,2.7133096560551344,3.6656393721961305,1.4553260834083357,-3.1410854029866164,0.4971280364182986
474,-1.1761533763122989,-4.729608850318719,-3.034971379269611,-2.9442184443163724,-4.176635191545896
475,-0.466804015888008,0.08035091303874697,-1.5998818283957386,-0.8764077434874302,0.4949219244777625
476,-3.795165147624051,0.6228130746609315,2.0992498997681333,3.747619949726861,-1.98426292208159
477,2.474094619497796,1.0602084361603792,0.027990318625830568,4.195555459952288,1.2000672861534847
478,-1.3393057800120634,2.1293292803529233,4.598769865262746,4.181783777986903,4.802698106659866
479,-4.04916570391535,-0.5655630116291288,-0.6731070902400473,-1.1618843228977238,-3.215090906576643
480,3.3219901604202526,1.7307873167571577,1.0599041865783567,-0.5314689923858733,-1.114779996541646
481,2.8646224531335704,0.2683509278765719,1.076519412941468,-3.9999678457837904,-0.28516475765880767
482,-3.69684983756307,-4.461663006509902,1.892950178555438,-2.2518626726400317,4.6505360049798234
483,1.0549883708566545,1.451620315418209,-3.0317710507666664,-3.711171133893502,0.2540849811633539
484,4.2556110121149775,-4.442548854919929,0.08171712548795185,-3.012893001906395,2.819840857090786
485,1.8194875028374433,-4.027934985622368,1.1633720629070945,4.836001441128031,0.2813912605025779
486,-2.1455112139360177,-3.4786474781920598,4.896422493122316,0.6381584899693564,-1.2530159964086063
487,-2.856847998756119,4.501992162576267,1.2702870853061752,-4.4233284853317265,-4.405534018894494
488,4.3943591770644534,2.100969317040807,-3.9656973385374696,1.2375874303712173,-0.8056851535839407
489,2.8870277910705164,-2.26287241641274,-1.1715314906657293,-3.326086695690844,-2.4750987374961966
490,-3.1084714545333814,-4.756999378341345,-4.538338446760781,3.3562431193060345,3.0380397060063995
491,-3.592776391918208,1.6789525285109885,2.4564429469226763,-4.487254601159289,-4.114564923985178
492,0.6301769557680545,-1.258495062395888,1.9939123402047318,0.5768833109966556,-4.689783922940244
493,1.8367854480141848,-2.9608200348242155,-1.8740015464633997,2.363893264705185,2.712534006662116
494,-1.5418541022785712,-4.107728086502921,2.6967283851077273,3.7021018665879097,4.643121444887669
495,-1.8217308885269015,-3.761479147701745,4.376606339489891,-1.002343093140594,-4.064660370845463
496,-0.012190426049549785,-3.0947547097346053,-1.447213161123706,-1.7964972204545027,4.87286867447736
497,1.3951324851087668,-0.08197319527550562,0.13752401705579587,1.0408868773107436,3.7275451794720205
498,-3.540177125191505,0.9963304234807442,-1.7781709575282978,0.7140220882520314,0.17730945318201918
499,-4.7006581978196635,0.8246462679151678,2.0921386330467406,-2.5400033182904833,-3.931313402449581
500,-2.883555437751445,1.3641286157739945,-0.3120722823029096,3.6530472848280535,-2.1501158138105483
501,-1.3490208061174682,0.2805012226072856,-0.3998315132099357,0.47761289882736513,-1.87911659259313
502,-3.3332892365495104,3.0331564904237514,-4.607047444187863,-1.3029462250829527,-4.125981190491834
503,2.3632842630504927,-1.3448685539840097,-4.69950297076303,-4.241246402266858,-3.014013842160863
504,2.869155321362512,2.991884050823521,4.966125552840314,-2.590767161830989,-4.395629469763945
505,-2.168691723062155,-3.2118000251551404,2.103879989153981,4.69240387773468,-2.2697497319166904
506,-1.713669172188311,-1.4888382814963865,3.569537581006843,0.7801884073591321,4.739763961037054
507,1.2716217447856923,2.0588220390821927,-4.108327957815141,4.5168035624424,1.2805649074513301
508,0.20180660069601153,-1.1259621593047155,-4.229499875775233,-3.6665299482963043,-4.883048030738597
509,4.986924846668508,2.862896224242424,2.9745194407822817,2.300902381384468,-0.15893957910424739
510,-4.118028078844098,-4.277309586008612,4.16374236985588,-4.996855480461534,1.9910285892088497
511,1.2857841552960814,0.012253451433124063,4.749505870371957,-3.018716450380067,2.8528645087434104
512,1.7483919171610491,4.7443179723115225,4.340718261923627,-3.7142871982318737,-1.9228353588642877
513,3.5080012095482065,-2.713394949165676,-1.2146045230026892,1.259638666583891,0.6291392779067992
514,1.4060655980639138,2.134881644373749,2.2876999041328236,2.375575968218767,4.916767800559539
515,-1.4341272836919474,-4.5581363828397965,-1.5113798562092793,4.1157592896484765,-4.166111143590143
516,1.4694221719067837,-0.7683856739547004,4.215728342660055,4.285732577409865,2.8524458216259934
517,-4.014797085044068,-4.752850425350925,-3.6340994210083943,-1.781760030995081,-2.5856814080252457
518,-1.3024082983775296,-3.569229739472828,2.525031491139811,3.4529652496433734,-0.12047446670371276
519,4.565267482167172,-3.796555500648436,-3.941861068730499,-2.99600848839039,4.8191255668381885
520,-0.8350218816756083,4.241058055393671,-2.979902457959062,3.4610314008098175,-1.899816302562268
521,2.343994041991076,4.744618166227372,4.33024643981102,3.3132812797962146,-4.497938804850268
522,1.0776988183710596,3.3544818911132577,-1.006734101926936,2.311879486031434,-3.6188682086550883
523,-3.232348944254243,1.4370949741220027,-0.6288897976217847,-2.817487445257447,-2.1712601070936532
524,1.1891864233441503,2.253707861135217,-2.9238583439256463,4.5519398029048475,-4.918212930073165
525,2.0006227335696103,-2.089993533005301,-0.21485410417283823,0.6984704694716379,0.6152183458894172
526,2.762776907787277,3.2383081861858027,-4.266506402786008,2.030089140458794,-1.0094250604513033
527,3.1858927119460887,1.088903711781624,-4.8976356870952245,1.6646508636880704,4.257102408562345
528,-4.169030968193192,-0.05769272586310947,1.2585350644968427,-3.0413644769425527,1.5069155163330556
529,-4.502015407455671,4.056792592796306,2.6265384830823155,4.410234655606866,-0.8157357609970104
530,-4.65796157309624,-1.5846591225895637,0.15751549755916727,4.358718750448688,3.830664867445309
531,0.940717916067257,2.2975225214357122,4.538982922036896,3.505915924618318,1.5881939503768354
532,0.40055156922534785,-0.23959238104026692,2.5660974763472657,3.087730151859434,-2.8235599795944766
533,-0.2597488694273,2.7115268941440203,1.757074981966193,0.9157682076975746,-1.7627347298513572
534,1.0921868960268553,1.1214447106169683,-0.6756683571702871,4.602997206233129,1.5312138358289147
535,3.506970513256162,-3.7104182259744256,2.567795900244569,1.0186929043317452,-1.917225816109572
536,-3.636378952329858,-1.20352822786026,-0.5862283278768485,-3.5923735335925713,1.7012688721554916
537,-1.9289034784878911,3.0603945003821877,1.4834877728779325,-1.8949758433859056,-1.3998038591018158
538,4.421475616163921,4.481195205386527,-0.816291617809819,1.7917007926328896,4.799721792479662
539,4.94051293625968,-4.278657742974181,0.5349913831843978,2.2661724527400775,-3.131338872804438
540,3.219050234502541,-0.31545656946296763,-0.022484103563745528,-2.2567695443949387,-1.9985237966447067
541,-4.158268113953559,4.315159881080476,-1.1813321980374614,-3.377699785042503,-3.576452934749864
542,-0.9259390239243306,1.322078987942107,2.777821207646242,4.246049152108519,1.3570204810358355
543,-0.79338246662327,-0.780535373506634,0.7437696168830596,0.3804089592623061,1.4081460724243788
544,0.03410428972202695,-4.410091482952372,0.0072835180930503896,-4.774667340305204,-3.1939203633235413
545,-1.1257233030971046,0.5130830119822791,-3.1518182080245527,-2.236993412084237,-1.2578900546975458
546,-3.0278479604033404,4.987635654445128,3.0471328469366004,3.1093661724454353,0.6886385659520498
547,4.613246201843493,2.3220065804165664,-1.69121366507466,1.1052665991391812,0.43700046710975116
548,0.8028882364468171,3.1772667250967075,0.0956186406519226,2.286405022379931,-2.4940321966839707
549,4.320619452480765,-4.136178406128671,4.93579911946672,1.326731082933291,-0.3004853138897374
550,-1.8921786872446154,-0.9485811410442446,2.824232995004568,-3.605670370030465,-2.473148605390313
551,-3.762726251526476,-0.7334548046683631,-1.1277731358473564,1.4878490349219948,4.957159148154172
552,3.923592695622787,3.803776923100214,1.4570817580708368,-2.293917036728147,-1.1591434027937462
553,-2.498778697334725,-3.6491599002769504,-0.6396875470911088,3.975350521706634,2.4384110058150545
554,4.848378959075152,-3.0518285994926475,0.0054405584689813935,2.930460987215647,-0.39538803107721954
555,-1.4494562083095417,3.1588681405720127,-0.6969195680427029,4.129674021579113,-2.31598600226686
556,3.9645375460863956,-2.2153915889928557,-2.104356867259123,-0.7941572820922307,0.15811855591549495
557,-0.8177491039835623,3.6214909025404314,2.955690911614499,-1.9013651689360858,0.11519883747264004
558,-0.6897011692472246,-4.439296767376199,2.4814696478333556,-3.1833338789612062,4.341417253435942
559,-1.022216001212711,1.222579902036161,3.1829933998038413,-3.1970326668243865,0.4113635173002672
560,-2.625802057363745,0.09670752400773708,0.7943601675989109,-3.308589000928097,0.8081857773223424
561,-0.45091994071217645,0.2199964209606451,4.049670187208465,-0.16196871235137067,-0.2385146141108354
562,-0.296013919157617,1.2310528479750218,-1.3248268462548074,3.0136009635994974,-2.139498866860837
563,-2.0045379923102558,0.8875023949575827,-2.4011065225875674,-4.100538035966119,-2.944144600427181
564,4.136573776743578,-4.892994099295146,-3.6653861511297894,2.5803963512176944,4.798608413992362
565,1.8818529550242111,4.223344868268033,3.5523575671096346,-0.20029848060335986,-1.6647675464214484
566,1.3223786370991757,0.3355341095402178,-4.741706803557473,4.572971700825061,0.7024736547367807
567,3.744917916776693,2.346301710043245,-1.5916700663446015,4.011579922010881,2.90422353104785
568,-0.7020837309611441,3.404782480032221,-2.284476673097834,1.7068347882513555,-3.8541825176566458
569,3.657677354136453,2.2943266694789326,-3.474321687390123,-4.786653947377678,-1.101321251370777
570,1.752725906440121,-2.1685259349396424,4.732551879806612,4.346813882119768,0.9794046452093985
571,-1.844009274132726,3.9626925185575566,3.034708407628642,-4.138456472708649,-0.2367717037385937
572,4.812148952087302,-0.4609462574193337,4.3290846993350325,4.772893436293565,-1.1264075201533474
573,4.6455847704422855,-3.620594633756531,-3.3988055548406413,-2.234565904192609,-0.3244381326253807
574,-3.189752247458925,-1.5982229648905233,-3.963468943997989,-0.6999188709670889,3.2747848408490814
575,0.9505353812899688,3.1015913252938994,-3.6428730473505455,-1.005642097612446,-4.60676790574151
576,-1.3002095325682452,1.144977357425403,0.6886920368117986,-4.396772888219859,-4.379405493722505
577,-1.9493252220706738,2.71399169796055,-4.794232589897333,1.159272548355914,-3.1629827076820627
578,4.443162424204415,-0.6978462121695896,-4.521160793448487,2.1363848031742414,-0.15390561626399446
579,3.8124037887320767,1.518251066916032,1.9252566124229027,2.672598575312348,-0.7964562527837851
580,2.925471905182385,-4.493770299136842,2.655274047166163,1.3630783733828462,0.6666504120151195
581,-1.8184938076938364,-3.8588739156876795,1.4720081732614343,-0.28329066200586706,-2.8215514574734057
582,-4.566333072869173,0.3876516743199794,-3.737036980174424,4.294193867830629,-3.4936814150732753
583,-4.679746038594532,-2.37952485967055,-3.2504338697351356,2.912382250997723,-2.1065739374546055
584,-2.547594428266071,4.948084082117468,-3.4993820879511506,-4.15001462415423,-1.9437589415084666
585,-0.9490967703742816,2.6042417764399497,4.554439187215406,2.636771381981914,2.266384699667362
586,4.914479037290414,2.6536373906683366,-3.6046681557914493,-0.38470261758600266,0.035046199957088575
587,-1.9518968030579842,-3.3572457448211845,2.1174052762791815,-2.2250534243482956,1.2465493416897147
588,-1.7741025749280825,0.06236330609921925,-1.6294719659560855,-0.8824151823433706,2.320665195251462
589,3.8382490682790475,0.08745729816683578,1.1025106173192185,3.64409824680142,-3.5677759891041516
590,-3.3780201624618487,-1.4076304574509346,-1.9093171936516038,4.863736962769975,0.6409197498181207
591,0.23906627959043014,0.7871863976995952,3.751543752018577,-2.5645223116972327,0.1096727904323247
592,-2.290368072044254,2.805763109689263,2.7711525490291304,4.574297186143546,-0.5317794015338198
593,-3.4134894797245465,3.9641089144208443,3.906026179691132,-2.653304597233034,-2.2373018344900366
594,-1.8658589275864812,-0.48249925660740267,3.290431823791801,-3.5563010946508933,2.003909340653567
595,-1.4719978144845278,-3.043368410866111,-1.6156152999283768,0.3327594142007442,4.214140285175008
596,1.2826862404460382,1.0708112965541616,-3.9125896314299737,-4.20199027986628,-3.705364031894489
597,-4.044543601355352,0.7636443507084039,-0.4738475037137748,-4.950078821020249,-1.4893334718135067
598,-3.7263584830313556,4.881194982436654,-0.39842440768246057,-0.7387336122847312,1.4417433186704738
599,-1.429064964627723,2.1551462796272878,4.047937838092041,-0.011027134180753073,-1.17076978545993
600,0.21896843707938451,1.0355269532880707,3.4770260503769954,-1.0552054865095428,-4.485685290997549
601,1.307338234164975,4.868782291201708,3.5423672942468727,2.582559802528305,-3.2349801298484038
602,2.486192190078177,-4.185234014243958,-0.060820283950993925,-1.2910024950679255,4.052863327219601
603,-3.4016425079579795,2.888850035542413,-4.514880981058205,2.0175476047235943,-2.0622179355194827
604,4.759134228945323,1.7174343995936212,-1.9109451878497694,-2.644789757643929,1.3930877688116396
605,-2.272695551478826,-3.131946475466494,1.4766970573019336,2.242870446376547,-2.6197169323620417
606,0.35872466385158575,1.6362954938085679,4.419167115260269,3.0343329388422973,-0.7918514975229627
607,3.4440734380016877,-0.583060128523309,-3.6987334750774545,-1.5889954926948837,3.047240106484157
608,4.558047768625114,4.835837545902004,1.3909499227204192,-0.21658042622894946,-3.379429358806576
609,-3.9747569270279515,0.18502205667329097,2.2777908512152454,-1.7607793712450048,1.7467672785614488
610,0.7081039924092192,4.40748861716054,-2.904430685030447,0.9105846672795881,-0.8620309338607912
611,-2.3842445025211925,-1.427077052645176,-2.0546504509540418,0.2764860531768685,0.5805430544321073
612,3.6554006733541566,2.8130581229937626,-1.9748477200616463,4.31325285635433,3.683527732215614
613,1.2586296300791178,-4.813714673168777,-2.90863382740309,2.893192523870324,-0.4623920213121355
614,-3.740494821056246,-0.9174032904211558,-2.8809687617999744,3.9256739691533724,3.8925840431063907
615,-1.1293781789133006,-3.6260649891292482,-1.4116876620174654,-3.7126003502316243,-1.959540051625912
616,2.711815357190373,-2.080535611359867,0.442019413069592,-3.8112662811371445,-1.5237455783417584
617,-4.603623327557448,0.4816826146454307,-1.5237681412606596,3.720039132290406,-1.0744739965472085
618,0.5777511948102738,4.766441276826388,1.4270593118469712,0.004719947565762439,-4.01875270238012
619,3.209642908671217,1.4238333878412117,-3.914756849708758,-2.543308492240296,0.3764746143753275
620,-4.549375666897061,2.183100963849168,-2.722061555448576,-0.10289425588264489,-2.583565910379857
621,-0.10813097625015544,-3.1032099421671755,0.9392059928611642,4.104067274350358,3.073359460591119
622,-2.584792360818533,-0.018905143324023932,-0.7689158102199025,4.654751193888906,2.9882112733663337
623,-3.9257133631802743,-3.314475992865723,2.020283943327062,-3.401418243672735,4.504685495099645
624,4.9294684975987195,2.783708662811611,-4.731997606845929,-0.1727322265000133,-0.9392049070011037
625,2.9953564165409645,-2.1299167209556833,-1.1387395682632184,-4.064986543965458,-1.5736391344893241
626,4.738538451490662,4.421498540191555,2.5025920613867516,4.072636555308552,-2.8882949314550377
627,1.218318685327593,-0.00027761775082346674,-0.773099596321912,-1.7516486304024168,3.66319592006087
628,-0.15494811007158305,2.240334894690264,2.0595024380598055,-3.639288829521141,-4.5106430143707374
629,3.3996317359502513,-0.09679962162115885,3.100855316765788,-2.02934752337785,3.618319712824487
630,3.3082048487634967,-1.1832857233930802,-0.883019382637781,-1.4910760054852656,-4.651774267859451
631,1.8766059122772951,-2.272674507455169,3.8401374236250625,3.9737714762152603,2.225792061218119
632,-3.184360110325297,-4.107075075373055,3.164465954573833,3.9306610886194377,-1.4796087526615453
633,-1.47044066273893,-1.0972409263146607,3.276223067664464,2.070719575007809,-3.7802366589757295
634,1.3469057264576145,-4.90222340041848,2.1038620502731344,2.646323173741031,3.149484196984023
635,1.256426218045564,-3.1941189558462058,2.937467806481605,3.9979055924183253,1.3379614305611733
636,-2.2488212603446947,-3.206392783152967,-2.685369782968572,-4.830957459652029,-4.89831408933432
637,-2.029615791542639,4.229597142736241,1.213274558728462,-1.1389294085608501,-4.891524372795999
638,4.897001520247789,-0.4415561207295502,4.91502833649966,2.2013995528321653,-4.487611488815059
639,3.590256400772361,0.3039939482067737,-0.47271591797241186,2.5785170110595157,2.7480093265148655
640,2.9642974975074274,2.60536354915478,1.4127005199171343,1.7562231532930639,3.5858258603562874
641,1.9054062315476328,-3.9864250021840295,1.455006280078539,-3.300062222717571,-4.857470375827829
642,-2.8583327772523837,-3.4559501654727063,-3.979042648844552,-2.8501322509431484,0.6356933950035586
643,-3.4853019694700746,-2.2056172299178645,3.495921102128886,3.8805127452804697,-1.6691563321353255
644,3.9895110089125794,0.8572777011278951,-2.736315955694757,2.5429340513936394,4.220941447377982
645,1.5923582758149326,-2.986692713842455,-4.141199233256161,-2.7058802929380334,-1.6149149458065004
646,-1.6626469599296998,-0.014540669863594147,0.0516921603194902,-0.2856738838486361,-1.561761241170898
647,-3.931695261612952,-0.8168170850140477,4.8576034245232425,1.5387487308444765,-0.6022265279619532
648,-4.165093719235243,-2.8675128093747415,0.746472940051758,-0.021261543519938364,-4.80804937435929
649,-4.1376416823410445,-1.439914188786111,-3.591742171697281,4.578426789773088,-4.658823051494037
650,4.74049372708639,1.56553720260748,-0.9277227606427996,0.39432546123734813,-0.8987528784860839
651,0.7320762509489542,-3.479938458670028,-3.7998679102653297,0.28590676097831835,-4.286603421552659
652,-2.075156973530979,4.268950329384845,3.762131083478801,3.314022954077977,0.07163686478197562
653,-4.721152954025186,-3.786307385980833,4.194510748894027,3.3640733210417455,-1.2347817785627924
654,2.2897553487998916,3.545277932182888,1.2033559953955129,3.5352694678906467,-2.5532599213104312
655,-0.37864253223689737,0.7904178481564355,1.311574469133694,4.86990322568669,3.459313383754372
656,-4.4473908695790225,-3.308665955564414,1.5714196334135604,-2.5948997035817465,-3.4103208675935095
657,1.6665088219633093,0.36424551333452015,3.0518997747133003,-1.806388027936511,-1.7029609148799931
658,-3.4950803728760436,1.52258146028608,2.088918442950791,-3.6157317738236117,-2.458865586818578
659,-3.4572868262996015,2.47676996999029,-2.909022703640911,-3.4775343540964276,-4.301482925134119
660,3.3129947422618358,-3.7602085115201653,-4.703329461354756,-4.356946796490534,-1.3316912787172317
661,0.9665254072642968,-1.0179529243908414,-0.44593079523477996,4.193054565263097,2.589211613300641
662,-1.589586966498148,-3.456854177029097,2.4917244494635646,0.7352377721191274,4.62246687160984
663,4.084423476574017,0.6364273065568753,-4.3008980649416895,-4.69040318795024,3.3752040062608444
664,1.9804212588544399,0.6015738685632721,1.8892523437439408,0.39786834256057535,0.7833773557723394
665,-2.7411103859036654,-0.44495586663741005,-4.889264575345792,1.6873364946098874,-1.6769744178148094
666,1.5632415243733524,4.264616695553327,0.91643314661078,-1.7191499763639015,-2.9284137957997167
667,-2.482915140240316,4.872970293420888,1.1536305045339432,-0.5945449192270624,-2.6902497641866163
668,2.7305071677405888,-1.125566560847159,-1.9887339449683452,-2.7769527932116524,-3.1436876834145986
669,-2.2662302394053455,1.272029480297201,-2.6015222755155287,-4.394015869911531,-1.4097547527116552
670,0.8485190806112284,-4.3978194642480215,-0.47374817503924493,-4.4771126509425585,2.681795658923013
671,3.7188249316539252,4.638081403495336,1.9126366376239954,1.3206439774553305,1.9407708547284859
672,3.5464818590722107,3.070927894117302,-0.6150356612143861,1.5107317422628253,-3.3807971933560554
673,1.9492562493580063,2.3077052853948965,3.013099006087824,3.176486015855888,-0.6009194735697907
674,4.035167821326267,4.809503137411276,4.780410824660773,0.8576095823464005,0.5948275923610256
675,-0.4266580973274614,-2.0020590569989203,-1.6624221391288074,-2.8424789516882134,4.557226279772394
676,1.1982659529070148,4.344631753073681,-1.1287434429828016,-2.0180513553406723,-3.672550711142377
677,-1.9975409154093149,3.901606075724782,0.8227619870262606,-0.4752197010112491,0.6824953795379844
678,3.926892650732384,-3.071773295666053,4.656593564854587,1.661943799452291,3.5535021412349206
679,0.254068697304362,-2.63362127803627,0.6743436443325344,-4.320604461179576,3.5219516347620896
680,1.4957910129690974,-2.1714289388268657,-2.2553064647746544,4.02806019491646,3.409070993289987
681,2.6310867239103057,-0.8520809726346741,3.7250508474749093,-2.531098766089721,-4.757460821808378
682,-0.6723004152005689,4.19525292173029,0.7122701523798263,-2.7056424929996794,1.508213027012257
683,2.4498568492805104,0.50337827720627,3.42598023641637,0.9237259191733758,-4.039794112858748
684,3.095450839152269,-3.5364380000156115,3.827551636838054,0.21845017264103817,2.318667276231169
685,4.7209491182552625,-0.6805685641145569,-0.40278156022170286,3.2584587719273976,-3.8976224454014696
686,-4.7230110289643505,1.0431654135961974,-3.3248022011192333,-2.442617722565543,4.762799189332771
687,1.5314804731530813,3.557626779351148,3.9779104591710865,-3.7864997446720885,4.27777518167362
688,3.6651918685346896,-4.5465736407366375,4.772076203237125,-0.4168304975524242,4.744884123510273
689,3.2385445354367963,-0.5986580291417978,0.1155743317248561,-2.2490248802510946,-0.1308019450996234
690,-3.925076266885296,4.086350506163939,2.132120979828093,3.052067239051654,0.3112221229757397
691,-3.7436611808706655,0.37244651570657705,-1.7079374117345525,-4.898941976746242,1.1503579303591565
692,3.5364922424023764,2.1055205844784775,-2.7646761249228833,3.191331983650974,-1.9050051610279506
693,-2.815145527602728,4.61141788097925,-4.834028171650236,-3.3243086291206927,-0.3299896711941006
694,-3.329307940818701,-3.3313049751629773,1.3434831133363145,3.190301217052525,1.616174497288812
695,-3.985477949838617,3.953784731147225,4.227478351374852,-2.1899745316057895,0.5311253917397654
696,-0.1476338302354394,1.6822472635703392,4.779464122534588,4.863803462400597,0.09144325957166544
697,-4.080503375209339,-1.6552747327115735,-0.8643350847148801,0.3463336286258958,4.603703706859006
698,-2.3758246975184916,0.36687718246572487,-2.089522548682625,4.19461861972623,4.899576959639303
699,3.70739266490469,-1.6125640802490193,-2.2211597763608095,-0.6882938925243813,2.47576061662235
700,-4.906845002957255,4.951111581207133,3.83411360907305,-4.7618446854485095,-1.1789984795563093
701,1.8783405859974849,-2.585941334550821,-3.5716128310832094,1.2931841065697247,4.03525451458761
702,4.555933224544798,-4.897366937163145,3.7445735340055357,0.6076790553406317,-2.6229570114454126
703,1.1694370773657266,4.9578876744411655,-2.2382766135288046,-2.231117307982,1.9894246102800697
704,-4.567924393001918,3.2054721826308263,1.5252892244914165,3.4119127263039157,-2.692599226793676
705,3.47190224147308,-0.5138648157489474,-3.67277766704985,4.014225966018293,2.0501314787523928
706,-3.317148643829456,-2.534951043534188,-2.3113646087884145,4.633341872605181,3.8617716357070258
707,-1.5365486795743353,-0.33363049706865766,-2.1472008507693587,2.426486579951658,-3.387908500806913
708,-1.6138572253086645,1.061044696467154,3.773444783240137,1.355502576286165,4.397264482391181
709,4.308092819140159,2.1829946303102634,-2.212980722544995,1.8307907098570642,-3.072622957489032
710,-1.667952973222906,2.578994122539447,3.506319325688926,-0.832311118842064,0.23436877424260594
711,-1.1386713680696592,-0.20699795808050858,0.12487635436807398,1.9183446448766892,2.5052446443678535
712,4.750162426462396,-0.623484918925592,-4.1686017207753014,1.8816633651707049,-0.017255196019640096
713,3.4102177367960422,-3.534556633993483,1.4491399616507197,-0.4074161418557356,-0.806969712334439
714,0.6486594178957885,1.8418273502985976,3.50927445934777,-2.648884121616506,-2.0690527337071787
715,0.4858152110338674,-1.5344285758394536,0.6834452189698439,-2.998492018531959,-1.9235219229317435
716,-1.7515800954097016,4.923205904731393,3.5434833037333586,3.377006346864343,0.1356990401903646
717,-0.33151961889716475,-4.298744549226537,-3.0267342306442613,3.9534678812103348,0.256414214032052
718,4.8743825930861,0.9178799770490702,-1.2251291283239505,-2.258900912562037,4.183596649274143
719,-1.2926770961336453,-3.5385839990695,-2.217412926151182,1.4562316373019248,-3.6698955722685067
720,-4.084336469218321,-0.42373397538607627,-4.163482884994232,-1.070618853169928,-1.7727475692943973
721,-1.0852281641043415,-0.12211692339655755,-3.1467101624654625,-0.5757556508414741,-1.3848087358189511
722,2.9547353204927376,1.94689146283433,3.725417820294018,1.6900966874468661,-3.7891504879924796
723,0.07077016635523314,2.4246959850833694,3.416784766181701,-3.187242979268351,-2.7649735146485774
724,3.622406959603632,-0.14595723189251864,-0.4757698713717806,-0.05884802987907989,-3.2666718448645726
725,1.2763645152380185,3.0797368602022583,3.3706119984637617,-4.696216140299487,2.1518915788414468
726,-4.08775338046373,4.66869215716558,-0.1775912860794957,2.7541514484464695,1.218576963643959
727,4.51936494675147,4.736579601810812,-2.2112030900461335,-0.1713096123238511,0.042404301232593866
728,-3.223022969935716,4.039376855646392,-1.5039348549999563,-4.125432099153392,-3.45467132504094
729,0.13303905620937417,3.816853172285464,1.2821866660659342,-2.8516850099397373,-2.0319707871489534
730,4.76025085680905,-4.471511224116043,4.943383284644041,4.058576921967637,1.7848327178718133
731,4.4320235290112,-3.4753215264471473,4.425893605297642,-2.8742491641936354,0.46212926535498156
732,-0.11238285317774821,0.12458098726669053,-2.32620238711134,2.8063869398084718,2.4258330082375545
733,4.539651323276708,0.06991027906785607,0.4809206635625909,4.033729091938147,4.194396230406275
734,1.4953668607340411,3.203950879420457,0.05139707993197096,-1.1180446988172332,3.6406832944616454
735,2.772719548861314,-2.5758840600697255,-4.523548761274723,0.6559983036200574,3.4161652137697196
736,-2.5279853514233173,2.6739538443893016,-0.8599276593689975,-1.642914566122732,-3.2718369886380847
737,4.342935968524298,-2.7430196693536493,-2.208113608770997,-1.6851216291092044,-2.1533808711377143
738,-3.37094389388115,-1.4554993648689738,-0.2822720265511256,0.5177251330445625,-3.435003980247618
739,2.7941376619632194,-1.8847059766497907,4.179486663760715,-1.7044756500449845,3.628788782275656
740,-1.474674240222158,0.05832787481113577,-1.2764530904299134,-1.1290468543817402,1.1858220369070196
741,1.9292859476099462,3.704735214963863,0.6905254222179069,-2.8315584751098646,4.8958009674644245
742,1.8377343845694494,-1.2524779258584404,4.682044748944163,4.58473500816468,-4.204607786026528
743,-4.801743371255709,-4.555434015698813,1.8531442289094135,2.1087908549492838,2.2402777549221744
744,1.3023938783355051,-2.1450868457594763,-3.3287109360850953,4.278583165276599,4.131401686959602
745,-2.575138989166202,-3.3206286414244035,-1.2465900790136955,-4.5159337646801205,-3.37860881075697
746,-1.1970100214652692,-2.6125604269435443,2.3682026459053986,4.0495963183194785,4.09140162098338
747,1.0427779017924959,2.034897366927644,-0.05968562630149776,-3.5331228719310435,1.3503582974419572
748,-1.500461870161225,-4.942064945944333,0.749537058412387,-3.0163120880599728,3.8650563639326645
749,4.339447232273587,-3.37826938647374,-4.70587215442742,-4.959555654799733,4.130435553503407
750,-3.479814268383513,-0.6466755945411791,-4.428386335102412,-1.2665413275633917,2.854248976535482
751,-0.9333133626407744,2.7558020152723497,1.888392243178938,0.17308092794233065,2.3770981083714897
752,3.7911399424898917,2.930114474963384,1.9172992779368982,2.0182219555664656,-3.3890151636347454
753,4.506719899622256,-2.9433572611146177,-1.5104783548339396,0.17986514292983813,-3.738192189727342
754,0.9357583629893966,-3.1732147912526654,4.233677202381607,3.8867613361386173,0.4442542817332642
755,-0.5052367958895037,-3.9739808786980655,3.233001981116452,-1.206299013526344,-2.5367596588813
756,4.952980190102696,1.6829741232709683,-4.261373916425368,3.0129570433386323,2.5040229265525538
757,-0.9879974438351713,-3.76310742196186,-0.025551017512204233,2.6331891570805723,-4.239852472343174
758,-3.3655856617482547,1.1892617754335149,0.5954473771563427,4.050876760929862,3.147921845048714
759,4.18829763444506,-0.3404119654133435,2.8780080035270084,-4.51283240012994,-2.0550818349705278
760,1.442724449336021,2.6368387081787548,0.7049240022310963,-0.19264284342829718,-2.6673405282634812
761,-3.258132404714104,3.7548237846465806,-3.577877869370308,-0.6471296256543848,3.88481260287935
762,-3.5228797788489166,-3.724537815011012,1.9250907205674084,-1.6842469461656773,-0.6429392606040487
763,1.2559346481475746,-1.210241727276704,2.9984143649932733,4.689846671740135,4.330607982526827
764,0.45452004839965987,-1.4518347360481352,-0.6626769253589115,-1.6984354522887433,-0.5827579109532977
765,-4.87027008793953,-4.447856150989759,2.7133703690281044,-1.6518694334563309,2.944062162185941
766,-0.20055745046184725,3.0591741248113262,1.635845595895944,-2.9899877423870045,-0.5227745027845518
767,2.0433243188970245,-1.6938293491840986,-3.0669781021459563,0.3986092296758077,-2.263518463018036
768,0.94342165116392,-2.2826559867395524,4.065792399451805,-1.560979873434599,4.07450402564676
769,-2.205181919813888,1.0445452908570383,-3.6978163684738288,2.783718476789325,-2.9978228160046774
770,3.6402058308880623,-0.4755410757733287,-4.054604453862299,-1.3646153057017463,2.7972592553104656
771,-4.237050213001291,1.2572914260465753,0.07266222518193288,-1.9013039268487053,2.556173827286985
772,-4.475592623573514,-0.023581693748628396,0.06863144232748652,-4.1359387030533,-3.639772763863002
773,-0.9034559253441854,0.36522521692776877,-4.468045241892932,-4.882434800728239,-3.0739576474101096
774,-0.1219053141512223,-4.597212892907935,2.332353564786639,-3.4807181752757046,2.7261116560663767
775,-2.952666061343019,-1.5338053513265515,-0.20907052264531067,-1.52729219501711,-4.763806285188483
776,4.085740627142426,-2.1353347799911715,-3.6396395999484357,-3.674817607842249,4.746125098244239
777,-3.769423083219481,-1.5345262656786463,-4.323784673488737,2.3547281284339237,0.9675164721955412
778,0.33568912337598533,3.558403438731615,0.7333677210206577,4.555309302120701,1.227800876262359
779,-1.4565959833359399,-4.632531185680331,2.252756062824833,-1.2635483478460063,0.9920217940773295
780,3.763482129971159,-4.923417694709743,2.596124576725738,-0.6471522488675072,-3.759398361497416
781,0.8245773915356294,0.32614923580472777,3.423080381427381,0.21562743100950943,3.273518700680274
782,0.4448924622808379,-0.5305441665398911,-1.2881609933832383,-3.2630256179499115,0.8403088044313032
783,0.44250285514261556,4.757396515980666,-0.8759119923838412,-0.7847673690527293,-3.361286150306909
784,0.9757155460215872,3.4785226903712623,-2.5207683541529304,-4.909220993547741,1.9147362334585392
785,-4.686262083482067,-0.9072370067998392,1.1271033772503367,-1.1398828285530116,-2.3942178381655776
786,2.9926650795252954,-1.9906680190014479,-3.199532066754416,-1.1160329499617827,-3.6833509987404
787,1.9039697799173547,2.1008041550287038,-4.852214068725366,1.9486649254444321,-2.0101266044666746
788,1.5620359388542067,2.0648403590935347,-2.222185731314511,-3.1461439339035993,3.2635892184097077
789,2.3918427937280136,3.3714233988722704,-0.6428012676139474,-0.4363121511925572,-1.5583283171544116
790,-0.009375361440455698,1.4657005511435361,3.1454493445743026,-3.16829364515352,-0.9458236950870527
791,-0.3879836362512048,-0.12005449878062713,0.41972909516996193,3.017472543167168,3.862505787304359
792,-3.4084233055541926,2.1268184154170857,-0.2089175409813846,-0.822832872546928,-3.86656840883143
793,-4.3586424845221705,4.77810977307106,1.4236852262267785,-0.4757411710674315,2.6176350530110772
794,-4.088672674787035,1.0744639193266616,1.6061159076617564,-0.47945096098960693,-2.4740138164016057
795,4.545848893545269,-1.9886509998299697,-3.752030676369099,1.3047357764156278,0.7432297202577232
796,2.547725383068066,2.5378313229404013,1.2023594287946988,-2.924647051475903,3.871455421972362
797,-2.517169949567728,-4.06015711556309,-1.9850087600510147,-0.16767800849031378,-2.928173528154845
798,-1.6632833134707647,0.13693192132738652,-1.7706057145022838,-4.106826485191793,-3.0278648316094747
799,2.942068787736928,4.5433161893397624,-3.5156311082978453,1.8101905245252095,4.055797753564361
800,-2.0085714068337754,3.2946173475488756,4.049357713786899,-2.005021095926711,-4.4325918991721025
801,4.167930884572593,-1.6951732554903884,-4.862619430156384,-0.2508022480165293,-3.8412341918839585
802,4.017018747161655,-3.45004571603188,-1.955811951574126,2.9045017090186844,3.063469702926728
803,4.012799886683478,-0.026038430643414046,4.867206290471721,0.1618900578771143,2.907077916080251
804,-1.3809758411479125,4.412913163002155,1.8501622665233661,-4.229017483355974,-3.9148017119432534
805,3.908105511485484,3.0955851247493715,-1.699057601792063,0.2159596368266552,3.527484378143086
806,-3.965688958542548,-3.618605784343367,2.1552693869469373,-4.177945175575234,-1.4743350364619303
807,-2.481916778475134,2.602858946028052,-4.975521264036763,-3.846152830381061,-4.009924589992147
808,-1.819229480987338,-2.675205010112991,-2.717172148673128,-1.2960673868199524,-2.8595102251332882
809,-3.937858113134566,0.8325126433651588,4.517376970201161,1.0716492703818954,2.570206706298457
810,4.721768391921035,-3.4683735484142586,-0.4019002791112749,0.8184735753423542,-1.7788717337439577
811,1.1312947853666335,1.2382049016097971,3.4222923626694666,3.325153826596379,-3.5747806115008007
812,-3.311081097793933,-2.776280122074797,-2.387697689713395,0.6449340724372234,-1.7250965914376848
813,4.529626866495022,-3.8169857874378676,-2.5351502349770016,3.6831754211886683,0.8433113505850311
814,0.474284462554043,0.9434525173378407,-2.4773544044339744,2.614472231622088,-0.03467886351448346
815,-4.5740405874380485,-3.2284173771124514,3.166241553815441,-1.549552343615023,2.7344412701637735
816,1.6337673538644832,-1.9854021927356715,-3.7296445599942727,3.069452865592835,1.4308736082967366
817,-1.992024914474264,0.23274968224227788,1.1190307151802017,-4.978814783206383,1.705132747839377
818,1.5607806708228047,-4.174215783962545,2.8775333371731104,3.250888499936199,-2.098375292693108
819,-3.3778734283967737,1.864814990862632,-3.7664984155047643,3.5804241695852816,-0.19870514955525387
820,4.098089819869653,1.4216937200721755,-2.1490773404370866,-0.3196228433272017,0.29347147642459426
821,3.151586649032895,3.6185516417005754,1.8301177621414597,-2.0580189482730926,0.2856850796278536
822,-3.6937814761970698,-2.698905245454232,-1.9694136578336008,-4.272400684174393,3.8498860567076285
823,-3.7735582277479662,1.9683872608545272,0.0566186881784736,3.317678285758065,2.410357482166817
824,2.597380053396857,-0.8165372234215074,3.339761358960871,-4.052581244131942,-0.5558098413935824
825,4.9461406080000465,4.481145450425357,-4.177874150178792,0.7298558916683762,-1.8434938824592373
826,2.28472535009875,2.3578743364856614,-4.999067319787571,3.458191807713561,-2.7641729226338727
827,4.6590661421926445,4.05431307896105,-3.0934095095320604,1.3633542396322786,-2.0364869398991416
828,-3.9701586464229255,3.7400232810427756,-3.1917352778651145,-0.7903243958702175,4.241891260190151
829,-4.246456586027457,0.505844957273184,0.7214437232065336,2.6306671067747756,3.2713086975885677
830,-0.7585620523946037,2.436830406979402,4.104393171477591,3.862661990558598,0.018190686158981784
831,1.0702954951326857,1.7280886191466136,3.191087999164086,0.07733089838267304,-3.8809998070392995
832,-1.1469826288306328,2.2020207942124292,1.2379894518388843,2.534918014842419,-0.00046261677667835954
833,-3.255952274547993,-3.8479246139281766,-0.18738060986493021,-2.9427516378461602,4.822668880537593
834,-3.012470280606603,0.6678429468965961,-4.982320658092107,-2.4635491780103838,-2.408615127808873
835,2.3798743561600455,-0.043738614555404176,-4.879081489892183,-1.2082906114411909,1.4478109707209637
836,1.367069548707419,-4.461112857874445,4.289129323735198,-2.5300893125263557,3.9152611410483225
837,-2.86585554072327,0.6785028426702073,-0.9391969175406043,0.8134928314641057,-0.021371858334467753
838,-4.97952689146318,-1.4866762520140853,-4.887828436703005,1.8336653465810837,3.5349580518853063
839,-1.1528553829013943,0.2480203756810866,-4.341626528207411,-1.1480259118646776,-3.611395935687086
840,-4.3529816105166494,-3.2796685249912105,3.70843943565076,4.82204403328949,3.7921413276960116
841,4.696704716857255,2.3080680148546238,-3.402945001813533,0.6317045307793379,2.3159606963372372
842,0.1346279414879783,0.5466723410223313,0.8619009501451238,-0.33153560620549616,-2.0941153356761255
843,1.370251388046281,-4.464916041058268,-3.29072753301768,4.252615379869654,-0.1118374751118969
844,3.2168381136192075,2.2654069168686615,-1.7929094601581297,3.0364906306045736,-4.0867755994669155
845,3.7497825434653915,1.805600013304228,4.270723169184654,3.955104002489051,-1.1973796443126772
846,3.5683252186936834,0.6301607201933486,-3.4288568363334058,3.2955086339128368,4.079197586402689
847,-4.154527923409006,4.3055284411037515,1.0126490961878964,-4.74102584597787,0.4179463127038403
848,2.967490342833763,0.3318144713522013,2.07246253957861,3.795827318772462,3.6976151015537386
849,-3.2113008206446034,-0.7286997490442007,-3.888349341199019,0.9509781708304468,4.547267511456624
850,-3.1815302703020967,-0.9636963621463268,4.54026799990689,2.5011822641466877,-4.288305209294402
851,-0.7158443342685752,4.878857215176552,-0.4675740151822776,1.294014099369555,2.0097670106252323
852,1.639313898486673,0.18718459040911828,-3.672043125090052,2.084148600805138,4.333278727113756
853,4.416966472721223,0.9338940617056632,-0.078025108555563,-1.6603889967496563,-3.964310113002364
854,3.831178242830916,-3.6294657941658692,-2.1205427054855894,2.403984707524746,2.0476368366255207
855,1.8101275403202663,2.4170699545491043,0.4197741394890597,-3.4504902385301417,4.983580130291347
856,3.9213958716200796,-0.6884775293830323,0.3032610975463621,-1.0644904984632997,1.3797817565318837
857,2.311400397533495,-2.684368012238955,-0.6720346648770299,1.4023478674220478,4.880197205852998
858,-1.75125864199578,2.450004468590338,-1.5332823645230786,-4.076602469636414,2.701458200274809
859,1.4930688297554342,0.14339715522804042,1.750358888267911,3.79300053959024,2.5651060100107745
860,3.5781742292618706,-2.0998116351421467,3.0048351729519673,-1.3999065286688883,-4.793481436060727
861,-4.568157635430006,2.303545627051575,-2.280906953605022,-1.9241574644998072,1.225780461355468
862,2.415092599148535,0.5888425113360913,2.0637224133488044,4.410528365114189,3.541599451204977
863,-2.5919634883612916,4.067916477364031,-2.027357447514544,1.605882590813133,3.7471632352259476
864,1.2344612726768798,3.061961361092047,4.273471088807739,4.669370651117649,-0.8936706983998448
865,4.927682065945273,-2.2831883621538607,-0.3781342272045869,2.6070555954347547,4.701535679215166
866,-4.470586387551043,4.456416967053796,4.9867549755976945,4.0957944123549215,-3.9161578460551274
867,3.4070025858385886,1.397618036350985,-4.9047346064435775,4.843762114665498,-3.494762766667826
868,-1.031786030769708,-4.697274959617567,-1.9048088517121142,0.6832572332628972,4.308531224280047
869,4.903645261736576,-0.766417249326512,-0.7181611307378848,-3.3965656820282897,-0.016411033394380325
870,4.400810157611749,-3.3460384255850784,-2.335267569044431,3.9131787371872466,1.264306138272822
871,-1.6949276204102501,3.1274496516403136,-3.9103585829789003,3.583513658315013,0.18001665987809545
872,2.5693443039561767,0.18391591566125065,-2.5372707810102657,1.4084862278427766,-3.4520886399320903
873,-2.7012956545182396,0.49325669012022466,-1.100164186897806,2.4520228528721857,0.8357247754161818
874,-1.1866487239108725,-1.7327006516528511,4.132427819679872,-4.599173380393548,1.910310391841053
875,-1.081014211044998,-1.2264232543659972,1.5187677328478077,3.504647532438291,2.2441224532006903
876,1.7011126824502156,-0.03797549958603241,-0.30821536086700085,-0.3928472451312368,-3.545525367153682
877,0.595029883719552,-1.8453572192998946,1.1822789622534566,0.34335247624393794,4.399241953614144
878,-0.6506986794327663,1.6439720801261792,0.9280255868990093,1.843947579040913,-2.3302514122715143
879,-2.427510555813983,0.5967795622907559,3.4906158136335126,2.200086836966931,-0.11065300317897542
880,-2.449055668013659,2.5934722610102074,4.262461976126728,-2.869796790151277,2.990937212127304
881,-3.2755447151775496,4.007829782767571,1.4204989388580618,-3.18989995738285,-4.637404712030538
882,1.9461629361840673,1.0610182405284654,1.1131781650673922,-0.17738081020321683,1.1444314340874664
883,3.732230924888402,4.520015815873329,-1.5549204323534838,-0.1212803185166269,-2.269721232716554
884,-0.8841465071969026,2.958885541380134,-0.7501086158499923,-1.0835958747216647,3.5011110395117004
885,-4.98727638305205,3.5218807625565702,-3.185920339214209,-2.2548802495736577,-1.3839093146570827
886,3.8065223085351008,4.086815408438213,1.6117855729833863,-0.6055713543738719,0.1612781032489652
887,0.8040160922800323,4.539908045434352,4.691672001558919,3.473329279468585,0.8372870666885825
888,-1.0926552575505855,-2.69720083314124,0.34455860338740507,-1.5436910701938178,-4.272555023588786
889,-0.2377924161524394,0.710861833102606,1.1131514397329116,-4.26186119022948,-0.16889817843799815
890,1.5591305024927502,4.6106406975811804,-4.749541915115393,1.762823014464379,-4.376625899973554
891,-3.4115651277602463,-3.2669202833026114,-1.7112756304491459,3.312990345058598,3.562372549386442
892,-1.2504808734880832,-0.6869717274825815,-2.8296928789352913,-0.674862089426882,-2.251655676482194
893,-3.2511735475598758,-3.4153193042582206,2.756471513849146,-3.8305360945108102,1.1603447161895533
894,-3.325179866994624,3.378394191050324,-2.2553293186320635,-4.551065164758007,-0.47926841346087024
895,4.997971128119623,3.1313710227684446,0.7026249255324348,-3.1056119153157913,-3.82494962331415
896,3.3855053943492948,2.8770740542591664,-0.37811434829534196,-0.785903131878456,2.486727892752474
897,0.36037649171687036,-0.9583074831223097,-2.4827914395217388,-3.774364950949154,0.9479347167289296
898,3.2604884771248237,2.4618311256911083,1.9631845246616288,4.288521091834305,-1.0548325732372508
899,-3.6278243286333565,-3.98050896822709,4.550120761488852,0.8896421584573977,3.1079324160185244
900,0.3555985417541594,-1.01505603514509,-2.9973034913301566,3.5640834494311804,-4.364847627077025
901,4.002328725887059,-2.949872211205115,-4.904689540768633,-3.9610288487096676,3.8350871224826673
902,-4.262928228084081,-1.4475941325539363,-2.496834289927464,-4.631453479150098,0.3146685395948099
903,4.983329122213577,3.5300748007952123,-3.311073781078311,3.8431600873164093,-0.4820651887818581
904,-2.2674945328892804,1.4030587290069017,-2.83305183461405,3.796517867203983,1.241841920313103
905,-3.6397811822930515,0.7064887294946844,0.10371042409206499,-0.28544469148864593,-1.3502407848696407
906,-0.25794477826939755,0.8601148365973055,2.3356931620079884,4.178755811186461,-4.556159046784875
907,0.693440187580908,2.51973977703274,-3.8444586663341718,4.114977934554581,-2.550102381335473
908,3.333319192094832,1.6200666511589716,0.5954659369157378,3.692423729151905,4.692344896756502
909,4.971308659545336,1.832810150588804,-1.6086890936627207,3.7469924791973295,1.5434830898098726
910,-1.7667080159043635,4.32364634469886,2.4765039796059796,-0.4717219603914202,-0.4550940683417961
911,4.959285705532427,-1.26290895493569,-4.0591932210359065,0.3856152019779193,3.8485405056321706
912,0.845197860481635,2.930874727337991,-4.451353007438916,1.7339474153019205,-4.208058834305119
913,0.5635668069978772,-0.022325642923842537,4.4560442533840625,-3.675355993268088,-4.905085914202011
914,-3.626452463420202,-3.2929385845848937,-2.490885324708497,3.150887567925407,-1.2311916546021031
915,3.407575879898589,-2.2806614008759474,3.605411182168009,-4.91909556951029,4.345354705248287
916,2.4604922112418146,-0.8726952023381056,0.773350192838075,4.33016774192637,0.8256031865587499
917,-2.7143147635016285,0.7287390261854663,3.7144729373962573,4.874499784439113,0.8408326891464579
918,-3.4435482519403737,2.7175244115482657,4.969113439068895,-0.26364055258286445,-1.1626723297026107
919,0.5250064591497603,-3.3523382015317074,4.712833845035886,3.383346857415752,-3.8700928912622823
920,4.450814973291475,4.428194575381596,-1.8364525024158427,1.1914206309836652,-3.892457146439571
921,-4.158085995975824,0.017945609470471524,-4.503219309749332,3.7489160997661077,4.280953808775784
922,-4.32693588576694,-4.527152773295805,-2.7858217891567136,4.299583589120383,2.690146269693309
923,1.764977872521845,2.763472101371325,-3.0052321809589797,-2.4341163707660374,-1.8237136411511514
924,1.0506591351866925,1.0822006558123345,-2.9139227287678815,-0.6327282691928531,1.90019888863465
925,-1.903807094398633,-4.245229211151896,-3.0261002091540625,-3.3526438045909677,1.3194278912634285
926,-4.314510127771181,3.847495753462825,-4.156128613426046,0.9790973831232517,4.295326351690807
927,-4.3757707129455605,-1.1689512284161498,-1.7205420703694707,-1.5579122612734286,1.0031146541192033
928,-2.378969045379491,-4.726770427153932,4.622750364419149,2.4877598576503424,-3.6487240776432603
929,-0.44843146490404706,-4.3727826678765025,-4.721436686025053,-4.524882685656856,2.5577773247970974
930,-0.5507604273288162,3.4439691520124445,-1.9478489592561834,2.7532173796524724,-4.220654420498979
931,1.3510815762166946,-1.3939808642064877,-2.2327507339938735,3.1510909415062596,-4.480778803942251
932,4.495314606862237,2.8554556586246003,-1.4439072607277517,4.913329914545175,-2.975107608822972
933,-0.9758598670683662,3.8487953629276266,4.968070848025267,-2.60887178655431,2.4311340637334142
934,-1.942706693644455,2.66472670713606,-3.7471598519975426,-1.6383006622543417,-4.250004144455167
935,-0.08103079759712273,2.0150055275374807,-1.2138391167826357,1.1471692500234596,0.6908676225243173
936,-2.0540348258262995,-0.13221812099011832,-4.309809570008428,-0.400867202239664,-0.41810505687457944
937,-4.712820891425839,0.13873248116503056,2.3769366595691874,-0.477478251634067,1.4602552137494849
938,0.3242096866858182,2.8517877463734216,0.14455265255737082,-1.6839098589310506,3.2756876957684558
939,-4.32378585313379,-2.1054375412491644,0.9148443156303676,3.5602651694726415,-4.278581628033667
940,-4.039470672597927,-2.1761497874046807,-1.5542804580421432,3.4353824527486854,4.589032171746618
941,-4.82771312214136,-4.846438886246695,3.6481032887568716,-3.643830267323218,-1.6066383873664423
942,-2.2478647263454987,-2.181317838901494,-1.7140810184941904,-1.6395381598596925,1.2015583938856453
943,1.2878410891504242,0.22891996718103602,3.585415758115081,3.456718463817282,-2.8278259927448945
944,0.4363955752048998,2.838370915413031,3.6687433675690055,-2.4481422692693644,-0.058998506025316644
945,0.25027283505658193,1.9963831821989526,-1.6974076300049603,-2.0654820070830535,2.0559748570135703
946,-1.00664516398027,-4.959760525098468,4.37846579004087,-3.5035450429369197,-3.513658840443047
947,3.1836580153796206,-1.64497169018325,-1.7182469338173565,1.2239540738029113,-4.409613470586249
948,-2.630382742347823,-4.46728836586757,-2.0849033827489736,3.699301584794588,4.0933254443198095
949,-1.9056330527099807,-3.124133037098554,-3.6472401177462466,-1.0558087918659833,3.2640628478023235
950,3.5266343362756185,-4.540720158477079,-2.9077114373152235,-2.968297448185667,3.284301800160808
951,-0.43707684121601975,-1.3160476804442576,4.56605891071383,4.253572974466643,-0.5989331327571286
952,-3.716681739970995,-3.2899651319347214,-3.8791608274020684,1.8050388369290928,0.5468708839539014
953,0.5664447739872678,-4.016221452532376,2.932749560483572,0.3557289239838024,-4.0903080366449895
954,2.4713079050466273,4.812981046422109,-0.5881948882375818,-3.8434537761384666,-3.986008453528923
955,-4.741204711964967,2.703981464532869,1.9400099716719188,0.8423928978831485,2.6562932337528276
956,4.992976684291833,-0.9815206246071684,2.0581022513186333,-1.2283839471317703,-1.479421141668793
957,3.5092009690454375,0.7476314148470635,-3.7938672684108,-0.9648400208299499,2.9655431952751474
958,4.399981190552433,1.1442812872206964,-1.0578629062471556,-2.480176084048348,-0.7797630185997679
959,0.6565447780322167,-4.955832637101226,-2.3132217859237434,1.7151593985206945,1.7322962155871622
960,1.5300672213476494,4.499423597382664,0.6854566030119393,-2.302719492181413,3.116126929887086
961,-1.1062265689662318,-2.6070947173102166,0.567490244187761,-2.1096556890831044,-1.0383996188704447
962,1.9315755837437028,4.959481165917378,1.4473159382278808,-2.235200964439763,-4.0953445949742875
963,-1.3803236822918672,-4.806893144466113,-0.35245264806642584,1.5998376712555809,0.11795976462510716
964,3.652823020836145,-0.05949913119677408,-0.3761993928388252,-1.9032281986387645,3.3761370397509847
965,4.035986711203712,4.779187363071488,4.8120899609396,4.8042362608396125,2.1195891442372785
966,0.6265290213025345,-3.2765553618333563,2.6706317904306074,2.348801466974445,3.424021577026167
967,-0.3754892450435232,3.9242145823036907,2.18674344914115,-3.2887466225119466,-2.930964830703029
968,3.1426552103531513,-0.7430659143953058,-2.509870533560512,-0.7742349929782062,-3.386222663158893
969,3.917366795595415,-4.284605845248013,-1.4675848477316267,0.5692875930598831,3.7364562584512147
970,2.8154888893992585,-4.775764159531746,3.252481427293416,1.381200658802416,-3.666516016822079
971,1.1747755938350322,3.178942173875271,1.0211187068376049,4.99146745635872,0.07003421633630857
972,1.7313107997909878,-4.296264870171289,3.1319817268709826,1.2410302373079922,0.6124280402092097
973,2.0880871097631974,0.6050976182118877,2.664514151531286,0.8351559347247894,0.2005383281453863
974,-3.649805152783129,-0.2816923578674926,0.38234661735762465,1.2457379843977998,-0.44107836663664557
975,-3.53356558854224,-3.4963737905099332,2.2098774952474436,1.6144724887548234,-2.4050067850836108
976,-0.5414240542248265,-1.9304231749249645,-3.189771433875641,-1.7383642175168221,-2.373109324737773
977,-4.175723799240883,0.04486572672326883,-0.4911594699991291,2.1460833002839896,1.2030566859521468
978,-1.5662182545507441,-0.03695798945189477,0.36083113195909533,4.175486076365868,4.816943422667199
979,3.155428014951248,0.6210455212996111,4.281068426342042,-3.2188728153000348,1.9649607964114768
980,-0.3953228357087548,-3.552510767570195,-4.247900128319984,-0.1925816294467806,-2.610307960340099
981,-2.494937412301972,-1.797831126614179,2.183642189142949,-3.359103984459171,2.1755588565773873
982,2.827099270346382,0.9448009634618604,-2.52442471380937,-4.484674717658038,-0.9205488840004996
983,3.4744522089901047,-3.981297329044058,2.4483077123883685,-0.321101920137866,3.98833074537775
984,-1.438019012924201,2.047488322642134,2.4011937645381405,-3.0125828702379875,-3.418530742571634
985,-4.072688527928308,2.015823433276677,0.48150454680180843,-4.132812274564277,-1.9166584909971651
986,-3.5765358061782084,-4.073189769136327,-2.012288353957655,-4.0370398798372795,-2.3981399872162337
987,0.527191665234982,0.6090420673642303,-3.3199769913661967,-3.0898648075845117,3.549715679886873
988,-3.330651012730672,-4.542585332319882,-2.551791498328128,0.7642640186112546,-4.927755353054721
989,4.8498706942137755,-2.6961038947852356,-2.618824716041044,2.3861749970686645,-2.518209131852246
990,-1.0384862425686245,0.4391868864723616,-4.781275281460722,3.372926261517838,0.12050778479599789
991,-1.8708102102111535,-1.0021337208955905,-4.441752777523249,2.17981103246209,0.39504398914231853
992,4.139914413211013,-0.35813160070017336,3.2840153169406516,-3.1167145569986223,-4.434906346522627
993,4.484401237644427,-2.4304191283239707,3.335837248993469,-2.426662798607956,-3.4415830488156707
994,2.3253089465411296,2.784061300900463,3.436127355903988,3.648686826442626,-0.16868805763222205
995,-0.997831085018456,2.50968966339995,0.6938631182203601,4.652841479552208,-1.2416398868076084
996,-4.571244691429733,0.8930457272545942,-1.4653040100086177,-1.5732632640529576,0.6451907829811034
997,4.217812915786588,-2.3304171945314964,-1.204066254725272,3.912496502376168,3.9521913570645992
998,-2.654109302063717,2.0633058721916324,-0.844390567840863,4.360005533062015,2.3224531143725935
999,-0.05646724658833513,3.1741134880164275,4.978785389353247,-0.529566942036225,-1.2648759293355094
